vendor_id,item,score
A,performance_incident_response_speed,2.961
B,performance_incident_response_speed,2.996
C,performance_incident_response_speed,3.033
D,performance_incident_response_speed,3.019
A,performance_sla_achievement,2.987
B,performance_sla_achievement,3.004
C,performance_sla_achievement,3.053
D,performance_sla_achievement,2.991
A,performance_problem_resolution,3.044
B,performance_problem_resolution,3.039
C,performance_problem_resolution,2.923
D,performance_problem_resolution,3.027
A,performance_communication_speed,2.978
B,performance_communication_speed,3.059
C,performance_communication_speed,2.979
D,performance_communication_speed,2.993
A,performance_availability_maintenance,2.938
B,performance_availability_maintenance,2.962
C,performance_availability_maintenance,2.998
D,performance_availability_maintenance,2.922
A,technical_expertise,3.01
B,technical_expertise,3.025
C,technical_expertise,2.975
D,technical_expertise,3.073
A,technical_troubleshooting,3.026
B,technical_troubleshooting,3.016
C,technical_troubleshooting,3.094
D,technical_troubleshooting,3.072
A,technical_new_tech_adaptation,3.072
B,technical_new_tech_adaptation,2.969
C,technical_new_tech_adaptation,3.075
D,technical_new_tech_adaptation,3.047
A,technical_documentation_quality,3.055
B,technical_documentation_quality,3.015
C,technical_documentation_quality,3.054
D,technical_documentation_quality,2.996
A,technical_proposal,3.013
B,technical_proposal,2.996
C,technical_proposal,2.997
D,technical_proposal,2.94
A,business_process_understanding,3.016
B,business_process_understanding,2.996
C,business_process_understanding,2.982
D,business_process_understanding,3.001
A,business_impact_consideration,3.025
B,business_impact_consideration,3.009
C,business_impact_consideration,3.021
D,business_impact_consideration,2.99
A,business_prioritization,2.968
B,business_prioritization,2.984
C,business_prioritization,2.989
D,business_prioritization,2.972
A,business_stakeholder_management,3.031
B,business_stakeholder_management,2.957
C,business_stakeholder_management,2.984
D,business_stakeholder_management,3.064
A,business_cost_awareness,3.048
B,business_cost_awareness,3.047
C,business_cost_awareness,2.948
D,business_cost_awareness,2.995
A,improvement_proposal_quality,2.971
B,improvement_proposal_quality,2.982
C,improvement_proposal_quality,3.079
D,improvement_proposal_quality,3.012
A,improvement_proposal_frequency,3.03
B,improvement_proposal_frequency,3.004
C,improvement_proposal_frequency,2.939
D,improvement_proposal_frequency,2.949
A,improvement_proactive_attitude,2.987
B,improvement_proactive_attitude,2.959
C,improvement_proactive_attitude,2.986
D,improvement_proactive_attitude,3.06
A,improvement_innovation,3.057
B,improvement_innovation,3.002
C,improvement_innovation,2.974
D,improvement_innovation,2.994
A,improvement_long_term_perspective,2.989
B,improvement_long_term_perspective,2.958
C,improvement_long_term_perspective,3.068
D,improvement_long_term_perspective,3.002
