カテゴリー,サブカテゴリー,スキル項目,ロール,専門性,スキルレベル,スキルレベル_数値
ビジネス変革,戦略・マネジメント・システム,ビジネス戦略策定・実行,新規事業開発,ビジネスアーキテクト,a,5.0
ビジネス変革,戦略・マネジメント・システム,ビジネス戦略策定・実行,既存事業の高度化,ビジネスアーキテクト,a,5.0
ビジネス変革,戦略・マネジメント・システム,ビジネス戦略策定・実行,社内業務の高度化・効率化,ビジネスアーキテクト,a,5.0
ビジネス変革,戦略・マネジメント・システム,ビジネス戦略策定・実行,サービスデザイナー,デザイナー,a,5.0
ビジネス変革,戦略・マネジメント・システム,ビジネス戦略策定・実行,UX/UIデザイナー,デザイナー,a,5.0
ビジネス変革,戦略・マネジメント・システム,ビジネス戦略策定・実行,データビジネス,データサイエンティスト,c,2.0
ビジネス変革,戦略・マネジメント・システム,ビジネス戦略策定・実行,データアナリティクス,データサイエンティスト,b,3.0
ビジネス変革,戦略・マネジメント・システム,ビジネス戦略策定・実行,データエンジニア,データサイエンティスト,d,1.0
ビジネス変革,戦略・マネジメント・システム,ビジネス戦略策定・実行,フロントエンドエンジニア,ソフトウェアエンジニア,b,3.0
ビジネス変革,戦略・マネジメント・システム,ビジネス戦略策定・実行,バックエンドエンジニア,ソフトウェアエンジニア,d,1.0
ビジネス変革,戦略・マネジメント・システム,ビジネス戦略策定・実行,クラウドエンジニア/SRE,ソフトウェアエンジニア,d,1.0
ビジネス変革,戦略・マネジメント・システム,プロダクトマネジメント,新規事業開発,ビジネスアーキテクト,a,5.0
ビジネス変革,戦略・マネジメント・システム,プロダクトマネジメント,既存事業の高度化,ビジネスアーキテクト,a,5.0
ビジネス変革,戦略・マネジメント・システム,プロダクトマネジメント,社内業務の高度化・効率化,ビジネスアーキテクト,a,5.0
ビジネス変革,戦略・マネジメント・システム,プロダクトマネジメント,サービスデザイナー,デザイナー,a,5.0
ビジネス変革,戦略・マネジメント・システム,プロダクトマネジメント,UX/UIデザイナー,デザイナー,a,5.0
ビジネス変革,戦略・マネジメント・システム,プロダクトマネジメント,データビジネス,データサイエンティスト,c,2.0
ビジネス変革,戦略・マネジメント・システム,プロダクトマネジメント,データアナリティクス,データサイエンティスト,b,3.0
ビジネス変革,戦略・マネジメント・システム,プロダクトマネジメント,データエンジニア,データサイエンティスト,c,2.0
ビジネス変革,戦略・マネジメント・システム,プロダクトマネジメント,フロントエンドエンジニア,ソフトウェアエンジニア,c,2.0
ビジネス変革,戦略・マネジメント・システム,プロダクトマネジメント,バックエンドエンジニア,ソフトウェアエンジニア,c,2.0
ビジネス変革,戦略・マネジメント・システム,プロダクトマネジメント,クラウドエンジニア/SRE,ソフトウェアエンジニア,c,2.0
ビジネス変革,戦略・マネジメント・システム,変革マネジメント,新規事業開発,ビジネスアーキテクト,a,5.0
ビジネス変革,戦略・マネジメント・システム,変革マネジメント,既存事業の高度化,ビジネスアーキテクト,a,5.0
ビジネス変革,戦略・マネジメント・システム,変革マネジメント,社内業務の高度化・効率化,ビジネスアーキテクト,a,5.0
ビジネス変革,戦略・マネジメント・システム,変革マネジメント,サービスデザイナー,デザイナー,a,5.0
ビジネス変革,戦略・マネジメント・システム,変革マネジメント,UX/UIデザイナー,デザイナー,a,5.0
ビジネス変革,戦略・マネジメント・システム,変革マネジメント,データビジネス,データサイエンティスト,a,5.0
ビジネス変革,戦略・マネジメント・システム,変革マネジメント,データアナリティクス,データサイエンティスト,b,3.0
ビジネス変革,戦略・マネジメント・システム,変革マネジメント,データエンジニア,データサイエンティスト,d,1.0
ビジネス変革,戦略・マネジメント・システム,変革マネジメント,フロントエンドエンジニア,ソフトウェアエンジニア,c,2.0
ビジネス変革,戦略・マネジメント・システム,変革マネジメント,バックエンドエンジニア,ソフトウェアエンジニア,c,2.0
ビジネス変革,戦略・マネジメント・システム,変革マネジメント,クラウドエンジニア/SRE,ソフトウェアエンジニア,c,2.0
ビジネス変革,戦略・マネジメント・システム,システムズエンジニアリング,新規事業開発,ビジネスアーキテクト,a,5.0
ビジネス変革,戦略・マネジメント・システム,システムズエンジニアリング,既存事業の高度化,ビジネスアーキテクト,a,5.0
ビジネス変革,戦略・マネジメント・システム,システムズエンジニアリング,社内業務の高度化・効率化,ビジネスアーキテクト,a,5.0
ビジネス変革,戦略・マネジメント・システム,システムズエンジニアリング,サービスデザイナー,デザイナー,a,5.0
ビジネス変革,戦略・マネジメント・システム,システムズエンジニアリング,UX/UIデザイナー,デザイナー,a,5.0
ビジネス変革,戦略・マネジメント・システム,システムズエンジニアリング,データビジネス,データサイエンティスト,c,2.0
ビジネス変革,戦略・マネジメント・システム,システムズエンジニアリング,データアナリティクス,データサイエンティスト,c,2.0
ビジネス変革,戦略・マネジメント・システム,システムズエンジニアリング,データエンジニア,データサイエンティスト,d,1.0
ビジネス変革,戦略・マネジメント・システム,システムズエンジニアリング,フロントエンドエンジニア,ソフトウェアエンジニア,c,2.0
ビジネス変革,戦略・マネジメント・システム,システムズエンジニアリング,バックエンドエンジニア,ソフトウェアエンジニア,c,2.0
ビジネス変革,戦略・マネジメント・システム,システムズエンジニアリング,クラウドエンジニア/SRE,ソフトウェアエンジニア,b,3.0
ビジネス変革,戦略・マネジメント・システム,エンタープライズアーキテクチャ,新規事業開発,ビジネスアーキテクト,a,5.0
ビジネス変革,戦略・マネジメント・システム,エンタープライズアーキテクチャ,既存事業の高度化,ビジネスアーキテクト,a,5.0
ビジネス変革,戦略・マネジメント・システム,エンタープライズアーキテクチャ,社内業務の高度化・効率化,ビジネスアーキテクト,a,5.0
ビジネス変革,戦略・マネジメント・システム,エンタープライズアーキテクチャ,サービスデザイナー,デザイナー,a,5.0
ビジネス変革,戦略・マネジメント・システム,エンタープライズアーキテクチャ,UX/UIデザイナー,デザイナー,a,5.0
ビジネス変革,戦略・マネジメント・システム,エンタープライズアーキテクチャ,データビジネス,データサイエンティスト,b,3.0
ビジネス変革,戦略・マネジメント・システム,エンタープライズアーキテクチャ,データアナリティクス,データサイエンティスト,c,2.0
ビジネス変革,戦略・マネジメント・システム,エンタープライズアーキテクチャ,データエンジニア,データサイエンティスト,d,1.0
ビジネス変革,戦略・マネジメント・システム,エンタープライズアーキテクチャ,フロントエンドエンジニア,ソフトウェアエンジニア,c,2.0
ビジネス変革,戦略・マネジメント・システム,エンタープライズアーキテクチャ,バックエンドエンジニア,ソフトウェアエンジニア,d,1.0
ビジネス変革,戦略・マネジメント・システム,エンタープライズアーキテクチャ,クラウドエンジニア/SRE,ソフトウェアエンジニア,b,3.0
ビジネス変革,戦略・マネジメント・システム,プロジェクトマネジメント,新規事業開発,ビジネスアーキテクト,a,5.0
ビジネス変革,戦略・マネジメント・システム,プロジェクトマネジメント,既存事業の高度化,ビジネスアーキテクト,a,5.0
ビジネス変革,戦略・マネジメント・システム,プロジェクトマネジメント,社内業務の高度化・効率化,ビジネスアーキテクト,a,5.0
ビジネス変革,戦略・マネジメント・システム,プロジェクトマネジメント,サービスデザイナー,デザイナー,b,3.0
ビジネス変革,戦略・マネジメント・システム,プロジェクトマネジメント,UX/UIデザイナー,デザイナー,b,3.0
ビジネス変革,戦略・マネジメント・システム,プロジェクトマネジメント,データビジネス,データサイエンティスト,a,5.0
ビジネス変革,戦略・マネジメント・システム,プロジェクトマネジメント,データアナリティクス,データサイエンティスト,c,2.0
ビジネス変革,戦略・マネジメント・システム,プロジェクトマネジメント,データエンジニア,データサイエンティスト,c,2.0
ビジネス変革,戦略・マネジメント・システム,プロジェクトマネジメント,フロントエンドエンジニア,ソフトウェアエンジニア,b,3.0
ビジネス変革,戦略・マネジメント・システム,プロジェクトマネジメント,バックエンドエンジニア,ソフトウェアエンジニア,c,2.0
ビジネス変革,戦略・マネジメント・システム,プロジェクトマネジメント,クラウドエンジニア/SRE,ソフトウェアエンジニア,c,2.0
ビジネス変革,ビジネスモデル・プロセス,ビジネス調査,新規事業開発,ビジネスアーキテクト,a,5.0
ビジネス変革,ビジネスモデル・プロセス,ビジネス調査,既存事業の高度化,ビジネスアーキテクト,a,5.0
ビジネス変革,ビジネスモデル・プロセス,ビジネス調査,社内業務の高度化・効率化,ビジネスアーキテクト,a,5.0
ビジネス変革,ビジネスモデル・プロセス,ビジネス調査,サービスデザイナー,デザイナー,a,5.0
ビジネス変革,ビジネスモデル・プロセス,ビジネス調査,UX/UIデザイナー,デザイナー,a,5.0
ビジネス変革,ビジネスモデル・プロセス,ビジネス調査,データビジネス,データサイエンティスト,b,3.0
ビジネス変革,ビジネスモデル・プロセス,ビジネス調査,データアナリティクス,データサイエンティスト,b,3.0
ビジネス変革,ビジネスモデル・プロセス,ビジネス調査,データエンジニア,データサイエンティスト,d,1.0
ビジネス変革,ビジネスモデル・プロセス,ビジネス調査,フロントエンドエンジニア,ソフトウェアエンジニア,b,3.0
ビジネス変革,ビジネスモデル・プロセス,ビジネス調査,バックエンドエンジニア,ソフトウェアエンジニア,d,1.0
ビジネス変革,ビジネスモデル・プロセス,ビジネス調査,クラウドエンジニア/SRE,ソフトウェアエンジニア,d,1.0
ビジネス変革,ビジネスモデル・プロセス,ビジネスモデル設計,新規事業開発,ビジネスアーキテクト,a,5.0
ビジネス変革,ビジネスモデル・プロセス,ビジネスモデル設計,既存事業の高度化,ビジネスアーキテクト,a,5.0
ビジネス変革,ビジネスモデル・プロセス,ビジネスモデル設計,社内業務の高度化・効率化,ビジネスアーキテクト,a,5.0
ビジネス変革,ビジネスモデル・プロセス,ビジネスモデル設計,サービスデザイナー,デザイナー,a,5.0
ビジネス変革,ビジネスモデル・プロセス,ビジネスモデル設計,UX/UIデザイナー,デザイナー,a,5.0
ビジネス変革,ビジネスモデル・プロセス,ビジネスモデル設計,データビジネス,データサイエンティスト,d,1.0
ビジネス変革,ビジネスモデル・プロセス,ビジネスモデル設計,データアナリティクス,データサイエンティスト,b,3.0
ビジネス変革,ビジネスモデル・プロセス,ビジネスモデル設計,データエンジニア,データサイエンティスト,d,1.0
ビジネス変革,ビジネスモデル・プロセス,ビジネスモデル設計,フロントエンドエンジニア,ソフトウェアエンジニア,b,3.0
ビジネス変革,ビジネスモデル・プロセス,ビジネスモデル設計,バックエンドエンジニア,ソフトウェアエンジニア,c,2.0
ビジネス変革,ビジネスモデル・プロセス,ビジネスモデル設計,クラウドエンジニア/SRE,ソフトウェアエンジニア,d,1.0
ビジネス変革,ビジネスモデル・プロセス,ビジネスアナリシス,新規事業開発,ビジネスアーキテクト,a,5.0
ビジネス変革,ビジネスモデル・プロセス,ビジネスアナリシス,既存事業の高度化,ビジネスアーキテクト,a,5.0
ビジネス変革,ビジネスモデル・プロセス,ビジネスアナリシス,社内業務の高度化・効率化,ビジネスアーキテクト,a,5.0
ビジネス変革,ビジネスモデル・プロセス,ビジネスアナリシス,サービスデザイナー,デザイナー,a,5.0
ビジネス変革,ビジネスモデル・プロセス,ビジネスアナリシス,UX/UIデザイナー,デザイナー,a,5.0
ビジネス変革,ビジネスモデル・プロセス,ビジネスアナリシス,データビジネス,データサイエンティスト,b,3.0
ビジネス変革,ビジネスモデル・プロセス,ビジネスアナリシス,データアナリティクス,データサイエンティスト,b,3.0
ビジネス変革,ビジネスモデル・プロセス,ビジネスアナリシス,データエンジニア,データサイエンティスト,d,1.0
ビジネス変革,ビジネスモデル・プロセス,ビジネスアナリシス,フロントエンドエンジニア,ソフトウェアエンジニア,b,3.0
ビジネス変革,ビジネスモデル・プロセス,ビジネスアナリシス,バックエンドエンジニア,ソフトウェアエンジニア,c,2.0
ビジネス変革,ビジネスモデル・プロセス,ビジネスアナリシス,クラウドエンジニア/SRE,ソフトウェアエンジニア,c,2.0
ビジネス変革,ビジネスモデル・プロセス,検証（ビジネス視点）,新規事業開発,ビジネスアーキテクト,a,5.0
ビジネス変革,ビジネスモデル・プロセス,検証（ビジネス視点）,既存事業の高度化,ビジネスアーキテクト,a,5.0
ビジネス変革,ビジネスモデル・プロセス,検証（ビジネス視点）,社内業務の高度化・効率化,ビジネスアーキテクト,a,5.0
ビジネス変革,ビジネスモデル・プロセス,検証（ビジネス視点）,サービスデザイナー,デザイナー,a,5.0
ビジネス変革,ビジネスモデル・プロセス,検証（ビジネス視点）,UX/UIデザイナー,デザイナー,a,5.0
ビジネス変革,ビジネスモデル・プロセス,検証（ビジネス視点）,データビジネス,データサイエンティスト,b,3.0
ビジネス変革,ビジネスモデル・プロセス,検証（ビジネス視点）,データアナリティクス,データサイエンティスト,b,3.0
ビジネス変革,ビジネスモデル・プロセス,検証（ビジネス視点）,データエンジニア,データサイエンティスト,d,1.0
ビジネス変革,ビジネスモデル・プロセス,検証（ビジネス視点）,フロントエンドエンジニア,ソフトウェアエンジニア,b,3.0
ビジネス変革,ビジネスモデル・プロセス,検証（ビジネス視点）,バックエンドエンジニア,ソフトウェアエンジニア,c,2.0
ビジネス変革,ビジネスモデル・プロセス,検証（ビジネス視点）,クラウドエンジニア/SRE,ソフトウェアエンジニア,d,1.0
ビジネス変革,ビジネスモデル・プロセス,マーケティング,新規事業開発,ビジネスアーキテクト,a,5.0
ビジネス変革,ビジネスモデル・プロセス,マーケティング,既存事業の高度化,ビジネスアーキテクト,a,5.0
ビジネス変革,ビジネスモデル・プロセス,マーケティング,社内業務の高度化・効率化,ビジネスアーキテクト,a,5.0
ビジネス変革,ビジネスモデル・プロセス,マーケティング,サービスデザイナー,デザイナー,b,3.0
ビジネス変革,ビジネスモデル・プロセス,マーケティング,UX/UIデザイナー,デザイナー,b,3.0
ビジネス変革,ビジネスモデル・プロセス,マーケティング,データビジネス,データサイエンティスト,d,1.0
ビジネス変革,ビジネスモデル・プロセス,マーケティング,データアナリティクス,データサイエンティスト,b,3.0
ビジネス変革,ビジネスモデル・プロセス,マーケティング,データエンジニア,データサイエンティスト,b,3.0
ビジネス変革,ビジネスモデル・プロセス,マーケティング,フロントエンドエンジニア,ソフトウェアエンジニア,c,2.0
ビジネス変革,ビジネスモデル・プロセス,マーケティング,バックエンドエンジニア,ソフトウェアエンジニア,d,1.0
ビジネス変革,ビジネスモデル・プロセス,マーケティング,クラウドエンジニア/SRE,ソフトウェアエンジニア,d,1.0
ビジネス変革,ビジネスモデル・プロセス,ブランディング,新規事業開発,ビジネスアーキテクト,a,5.0
ビジネス変革,ビジネスモデル・プロセス,ブランディング,既存事業の高度化,ビジネスアーキテクト,a,5.0
ビジネス変革,ビジネスモデル・プロセス,ブランディング,社内業務の高度化・効率化,ビジネスアーキテクト,a,5.0
ビジネス変革,ビジネスモデル・プロセス,ブランディング,サービスデザイナー,デザイナー,b,3.0
ビジネス変革,ビジネスモデル・プロセス,ブランディング,UX/UIデザイナー,デザイナー,b,3.0
ビジネス変革,ビジネスモデル・プロセス,ブランディング,データビジネス,データサイエンティスト,d,1.0
ビジネス変革,ビジネスモデル・プロセス,ブランディング,データアナリティクス,データサイエンティスト,c,2.0
ビジネス変革,ビジネスモデル・プロセス,ブランディング,データエンジニア,データサイエンティスト,c,2.0
ビジネス変革,ビジネスモデル・プロセス,ブランディング,フロントエンドエンジニア,ソフトウェアエンジニア,c,2.0
ビジネス変革,ビジネスモデル・プロセス,ブランディング,バックエンドエンジニア,ソフトウェアエンジニア,d,1.0
ビジネス変革,ビジネスモデル・プロセス,ブランディング,クラウドエンジニア/SRE,ソフトウェアエンジニア,d,1.0
デザイン,デザイン,顧客・ユーザー理解,新規事業開発,ビジネスアーキテクト,b,3.0
デザイン,デザイン,顧客・ユーザー理解,既存事業の高度化,ビジネスアーキテクト,b,3.0
デザイン,デザイン,顧客・ユーザー理解,社内業務の高度化・効率化,ビジネスアーキテクト,b,3.0
デザイン,デザイン,顧客・ユーザー理解,サービスデザイナー,デザイナー,a,5.0
デザイン,デザイン,顧客・ユーザー理解,UX/UIデザイナー,デザイナー,a,5.0
デザイン,デザイン,顧客・ユーザー理解,データビジネス,データサイエンティスト,c,2.0
デザイン,デザイン,顧客・ユーザー理解,データアナリティクス,データサイエンティスト,c,2.0
デザイン,デザイン,顧客・ユーザー理解,データエンジニア,データサイエンティスト,c,2.0
デザイン,デザイン,顧客・ユーザー理解,フロントエンドエンジニア,ソフトウェアエンジニア,b,3.0
デザイン,デザイン,顧客・ユーザー理解,バックエンドエンジニア,ソフトウェアエンジニア,c,2.0
デザイン,デザイン,顧客・ユーザー理解,クラウドエンジニア/SRE,ソフトウェアエンジニア,c,2.0
デザイン,デザイン,価値発見・定義,新規事業開発,ビジネスアーキテクト,b,3.0
デザイン,デザイン,価値発見・定義,既存事業の高度化,ビジネスアーキテクト,b,3.0
デザイン,デザイン,価値発見・定義,社内業務の高度化・効率化,ビジネスアーキテクト,b,3.0
デザイン,デザイン,価値発見・定義,サービスデザイナー,デザイナー,a,5.0
デザイン,デザイン,価値発見・定義,UX/UIデザイナー,デザイナー,a,5.0
デザイン,デザイン,価値発見・定義,データビジネス,データサイエンティスト,c,2.0
デザイン,デザイン,価値発見・定義,データアナリティクス,データサイエンティスト,c,2.0
デザイン,デザイン,価値発見・定義,データエンジニア,データサイエンティスト,c,2.0
デザイン,デザイン,価値発見・定義,フロントエンドエンジニア,ソフトウェアエンジニア,b,3.0
デザイン,デザイン,価値発見・定義,バックエンドエンジニア,ソフトウェアエンジニア,c,2.0
デザイン,デザイン,価値発見・定義,クラウドエンジニア/SRE,ソフトウェアエンジニア,c,2.0
デザイン,デザイン,設計,新規事業開発,ビジネスアーキテクト,d,1.0
デザイン,デザイン,設計,既存事業の高度化,ビジネスアーキテクト,d,1.0
デザイン,デザイン,設計,社内業務の高度化・効率化,ビジネスアーキテクト,d,1.0
デザイン,デザイン,設計,サービスデザイナー,デザイナー,b,3.0
デザイン,デザイン,設計,UX/UIデザイナー,デザイナー,a,5.0
デザイン,デザイン,設計,データビジネス,データサイエンティスト,d,1.0
デザイン,デザイン,設計,データアナリティクス,データサイエンティスト,d,1.0
デザイン,デザイン,設計,データエンジニア,データサイエンティスト,d,1.0
デザイン,デザイン,設計,フロントエンドエンジニア,ソフトウェアエンジニア,c,2.0
デザイン,デザイン,設計,バックエンドエンジニア,ソフトウェアエンジニア,d,1.0
デザイン,デザイン,設計,クラウドエンジニア/SRE,ソフトウェアエンジニア,c,2.0
デザイン,デザイン,検証（顧客・ユーザー視点）,新規事業開発,ビジネスアーキテクト,c,2.0
デザイン,デザイン,検証（顧客・ユーザー視点）,既存事業の高度化,ビジネスアーキテクト,c,2.0
デザイン,デザイン,検証（顧客・ユーザー視点）,社内業務の高度化・効率化,ビジネスアーキテクト,c,2.0
デザイン,デザイン,検証（顧客・ユーザー視点）,サービスデザイナー,デザイナー,a,5.0
デザイン,デザイン,検証（顧客・ユーザー視点）,UX/UIデザイナー,デザイナー,a,5.0
デザイン,デザイン,検証（顧客・ユーザー視点）,データビジネス,データサイエンティスト,c,2.0
デザイン,デザイン,検証（顧客・ユーザー視点）,データアナリティクス,データサイエンティスト,c,2.0
デザイン,デザイン,検証（顧客・ユーザー視点）,データエンジニア,データサイエンティスト,c,2.0
デザイン,デザイン,検証（顧客・ユーザー視点）,フロントエンドエンジニア,ソフトウェアエンジニア,b,3.0
デザイン,デザイン,検証（顧客・ユーザー視点）,バックエンドエンジニア,ソフトウェアエンジニア,b,3.0
デザイン,デザイン,検証（顧客・ユーザー視点）,クラウドエンジニア/SRE,ソフトウェアエンジニア,c,2.0
デザイン,デザイン,その他デザイン技術,新規事業開発,ビジネスアーキテクト,d,1.0
デザイン,デザイン,その他デザイン技術,既存事業の高度化,ビジネスアーキテクト,d,1.0
デザイン,デザイン,その他デザイン技術,社内業務の高度化・効率化,ビジネスアーキテクト,d,1.0
デザイン,デザイン,その他デザイン技術,サービスデザイナー,デザイナー,c,2.0
デザイン,デザイン,その他デザイン技術,UX/UIデザイナー,デザイナー,c,2.0
デザイン,デザイン,その他デザイン技術,データビジネス,データサイエンティスト,d,1.0
デザイン,デザイン,その他デザイン技術,データアナリティクス,データサイエンティスト,d,1.0
デザイン,デザイン,その他デザイン技術,データエンジニア,データサイエンティスト,d,1.0
デザイン,デザイン,その他デザイン技術,フロントエンドエンジニア,ソフトウェアエンジニア,d,1.0
デザイン,デザイン,その他デザイン技術,バックエンドエンジニア,ソフトウェアエンジニア,d,1.0
デザイン,デザイン,その他デザイン技術,クラウドエンジニア/SRE,ソフトウェアエンジニア,d,1.0
データ活用,データ・AIの戦略的活用,データ理解・活用,新規事業開発,ビジネスアーキテクト,a,5.0
データ活用,データ・AIの戦略的活用,データ理解・活用,既存事業の高度化,ビジネスアーキテクト,a,5.0
データ活用,データ・AIの戦略的活用,データ理解・活用,社内業務の高度化・効率化,ビジネスアーキテクト,b,3.0
データ活用,データ・AIの戦略的活用,データ理解・活用,サービスデザイナー,デザイナー,c,2.0
データ活用,データ・AIの戦略的活用,データ理解・活用,UX/UIデザイナー,デザイナー,d,1.0
データ活用,データ・AIの戦略的活用,データ理解・活用,データビジネス,データサイエンティスト,a,5.0
データ活用,データ・AIの戦略的活用,データ理解・活用,データアナリティクス,データサイエンティスト,b,3.0
データ活用,データ・AIの戦略的活用,データ理解・活用,データエンジニア,データサイエンティスト,b,3.0
データ活用,データ・AIの戦略的活用,データ理解・活用,フロントエンドエンジニア,ソフトウェアエンジニア,b,3.0
データ活用,データ・AIの戦略的活用,データ理解・活用,バックエンドエンジニア,ソフトウェアエンジニア,b,3.0
データ活用,データ・AIの戦略的活用,データ理解・活用,クラウドエンジニア/SRE,ソフトウェアエンジニア,b,3.0
データ活用,データ・AIの戦略的活用,データ・AI活用戦略,新規事業開発,ビジネスアーキテクト,a,5.0
データ活用,データ・AIの戦略的活用,データ・AI活用戦略,既存事業の高度化,ビジネスアーキテクト,a,5.0
データ活用,データ・AIの戦略的活用,データ・AI活用戦略,社内業務の高度化・効率化,ビジネスアーキテクト,a,5.0
データ活用,データ・AIの戦略的活用,データ・AI活用戦略,サービスデザイナー,デザイナー,c,2.0
データ活用,データ・AIの戦略的活用,データ・AI活用戦略,UX/UIデザイナー,デザイナー,d,1.0
データ活用,データ・AIの戦略的活用,データ・AI活用戦略,データビジネス,データサイエンティスト,a,5.0
データ活用,データ・AIの戦略的活用,データ・AI活用戦略,データアナリティクス,データサイエンティスト,c,2.0
データ活用,データ・AIの戦略的活用,データ・AI活用戦略,データエンジニア,データサイエンティスト,c,2.0
データ活用,データ・AIの戦略的活用,データ・AI活用戦略,フロントエンドエンジニア,ソフトウェアエンジニア,c,2.0
データ活用,データ・AIの戦略的活用,データ・AI活用戦略,バックエンドエンジニア,ソフトウェアエンジニア,c,2.0
データ活用,データ・AIの戦略的活用,データ・AI活用戦略,クラウドエンジニア/SRE,ソフトウェアエンジニア,c,2.0
データ活用,データ・AIの戦略的活用,データ・AI活用業務の設計・事業実装・評価,新規事業開発,ビジネスアーキテクト,c,2.0
データ活用,データ・AIの戦略的活用,データ・AI活用業務の設計・事業実装・評価,既存事業の高度化,ビジネスアーキテクト,b,3.0
データ活用,データ・AIの戦略的活用,データ・AI活用業務の設計・事業実装・評価,社内業務の高度化・効率化,ビジネスアーキテクト,b,3.0
データ活用,データ・AIの戦略的活用,データ・AI活用業務の設計・事業実装・評価,サービスデザイナー,デザイナー,c,2.0
データ活用,データ・AIの戦略的活用,データ・AI活用業務の設計・事業実装・評価,UX/UIデザイナー,デザイナー,d,1.0
データ活用,データ・AIの戦略的活用,データ・AI活用業務の設計・事業実装・評価,データビジネス,データサイエンティスト,a,5.0
データ活用,データ・AIの戦略的活用,データ・AI活用業務の設計・事業実装・評価,データアナリティクス,データサイエンティスト,b,3.0
データ活用,データ・AIの戦略的活用,データ・AI活用業務の設計・事業実装・評価,データエンジニア,データサイエンティスト,c,2.0
データ活用,データ・AIの戦略的活用,データ・AI活用業務の設計・事業実装・評価,フロントエンドエンジニア,ソフトウェアエンジニア,c,2.0
データ活用,データ・AIの戦略的活用,データ・AI活用業務の設計・事業実装・評価,バックエンドエンジニア,ソフトウェアエンジニア,c,2.0
データ活用,データ・AIの戦略的活用,データ・AI活用業務の設計・事業実装・評価,クラウドエンジニア/SRE,ソフトウェアエンジニア,c,2.0
データ活用,AI・データサイエンス,数理統計・多変量解析・データ可視化,新規事業開発,ビジネスアーキテクト,c,2.0
データ活用,AI・データサイエンス,数理統計・多変量解析・データ可視化,既存事業の高度化,ビジネスアーキテクト,c,2.0
データ活用,AI・データサイエンス,数理統計・多変量解析・データ可視化,社内業務の高度化・効率化,ビジネスアーキテクト,d,1.0
データ活用,AI・データサイエンス,数理統計・多変量解析・データ可視化,サービスデザイナー,デザイナー,d,1.0
データ活用,AI・データサイエンス,数理統計・多変量解析・データ可視化,UX/UIデザイナー,デザイナー,d,1.0
データ活用,AI・データサイエンス,数理統計・多変量解析・データ可視化,データビジネス,データサイエンティスト,b,3.0
データ活用,AI・データサイエンス,数理統計・多変量解析・データ可視化,データアナリティクス,データサイエンティスト,a,5.0
データ活用,AI・データサイエンス,数理統計・多変量解析・データ可視化,データエンジニア,データサイエンティスト,c,2.0
データ活用,AI・データサイエンス,数理統計・多変量解析・データ可視化,フロントエンドエンジニア,ソフトウェアエンジニア,c,2.0
データ活用,AI・データサイエンス,数理統計・多変量解析・データ可視化,バックエンドエンジニア,ソフトウェアエンジニア,c,2.0
データ活用,AI・データサイエンス,数理統計・多変量解析・データ可視化,クラウドエンジニア/SRE,ソフトウェアエンジニア,c,2.0
データ活用,AI・データサイエンス,機械学習・深層学習,新規事業開発,ビジネスアーキテクト,c,2.0
データ活用,AI・データサイエンス,機械学習・深層学習,既存事業の高度化,ビジネスアーキテクト,c,2.0
データ活用,AI・データサイエンス,機械学習・深層学習,社内業務の高度化・効率化,ビジネスアーキテクト,d,1.0
データ活用,AI・データサイエンス,機械学習・深層学習,サービスデザイナー,デザイナー,d,1.0
データ活用,AI・データサイエンス,機械学習・深層学習,UX/UIデザイナー,デザイナー,d,1.0
データ活用,AI・データサイエンス,機械学習・深層学習,データビジネス,データサイエンティスト,b,3.0
データ活用,AI・データサイエンス,機械学習・深層学習,データアナリティクス,データサイエンティスト,a,5.0
データ活用,AI・データサイエンス,機械学習・深層学習,データエンジニア,データサイエンティスト,c,2.0
データ活用,AI・データサイエンス,機械学習・深層学習,フロントエンドエンジニア,ソフトウェアエンジニア,c,2.0
データ活用,AI・データサイエンス,機械学習・深層学習,バックエンドエンジニア,ソフトウェアエンジニア,c,2.0
データ活用,AI・データサイエンス,機械学習・深層学習,クラウドエンジニア/SRE,ソフトウェアエンジニア,c,2.0
データ活用,データエンジニアリング,データ活用基盤設計,新規事業開発,ビジネスアーキテクト,c,2.0
データ活用,データエンジニアリング,データ活用基盤設計,既存事業の高度化,ビジネスアーキテクト,c,2.0
データ活用,データエンジニアリング,データ活用基盤設計,社内業務の高度化・効率化,ビジネスアーキテクト,c,2.0
データ活用,データエンジニアリング,データ活用基盤設計,サービスデザイナー,デザイナー,d,1.0
データ活用,データエンジニアリング,データ活用基盤設計,UX/UIデザイナー,デザイナー,d,1.0
データ活用,データエンジニアリング,データ活用基盤設計,データビジネス,データサイエンティスト,c,2.0
データ活用,データエンジニアリング,データ活用基盤設計,データアナリティクス,データサイエンティスト,c,2.0
データ活用,データエンジニアリング,データ活用基盤設計,データエンジニア,データサイエンティスト,a,5.0
データ活用,データエンジニアリング,データ活用基盤設計,フロントエンドエンジニア,ソフトウェアエンジニア,c,2.0
データ活用,データエンジニアリング,データ活用基盤設計,バックエンドエンジニア,ソフトウェアエンジニア,b,3.0
データ活用,データエンジニアリング,データ活用基盤設計,クラウドエンジニア/SRE,ソフトウェアエンジニア,b,3.0
データ活用,データエンジニアリング,データ活用基盤実装・運用,新規事業開発,ビジネスアーキテクト,c,2.0
データ活用,データエンジニアリング,データ活用基盤実装・運用,既存事業の高度化,ビジネスアーキテクト,c,2.0
データ活用,データエンジニアリング,データ活用基盤実装・運用,社内業務の高度化・効率化,ビジネスアーキテクト,c,2.0
データ活用,データエンジニアリング,データ活用基盤実装・運用,サービスデザイナー,デザイナー,d,1.0
データ活用,データエンジニアリング,データ活用基盤実装・運用,UX/UIデザイナー,デザイナー,d,1.0
データ活用,データエンジニアリング,データ活用基盤実装・運用,データビジネス,データサイエンティスト,b,3.0
データ活用,データエンジニアリング,データ活用基盤実装・運用,データアナリティクス,データサイエンティスト,c,2.0
データ活用,データエンジニアリング,データ活用基盤実装・運用,データエンジニア,データサイエンティスト,a,5.0
データ活用,データエンジニアリング,データ活用基盤実装・運用,フロントエンドエンジニア,ソフトウェアエンジニア,c,2.0
データ活用,データエンジニアリング,データ活用基盤実装・運用,バックエンドエンジニア,ソフトウェアエンジニア,b,3.0
データ活用,データエンジニアリング,データ活用基盤実装・運用,クラウドエンジニア/SRE,ソフトウェアエンジニア,b,3.0
テクノロジー,ソフトウェア開発,コンピュータサイエンス,新規事業開発,ビジネスアーキテクト,d,1.0
テクノロジー,ソフトウェア開発,コンピュータサイエンス,既存事業の高度化,ビジネスアーキテクト,d,1.0
テクノロジー,ソフトウェア開発,コンピュータサイエンス,社内業務の高度化・効率化,ビジネスアーキテクト,d,1.0
テクノロジー,ソフトウェア開発,コンピュータサイエンス,サービスデザイナー,デザイナー,d,1.0
テクノロジー,ソフトウェア開発,コンピュータサイエンス,UX/UIデザイナー,デザイナー,c,2.0
テクノロジー,ソフトウェア開発,コンピュータサイエンス,データビジネス,データサイエンティスト,d,1.0
テクノロジー,ソフトウェア開発,コンピュータサイエンス,データアナリティクス,データサイエンティスト,b,3.0
テクノロジー,ソフトウェア開発,コンピュータサイエンス,データエンジニア,データサイエンティスト,b,3.0
テクノロジー,ソフトウェア開発,コンピュータサイエンス,フロントエンドエンジニア,ソフトウェアエンジニア,a,5.0
テクノロジー,ソフトウェア開発,コンピュータサイエンス,バックエンドエンジニア,ソフトウェアエンジニア,a,5.0
テクノロジー,ソフトウェア開発,コンピュータサイエンス,クラウドエンジニア/SRE,ソフトウェアエンジニア,a,5.0
テクノロジー,ソフトウェア開発,チーム開発,新規事業開発,ビジネスアーキテクト,d,1.0
テクノロジー,ソフトウェア開発,チーム開発,既存事業の高度化,ビジネスアーキテクト,d,1.0
テクノロジー,ソフトウェア開発,チーム開発,社内業務の高度化・効率化,ビジネスアーキテクト,d,1.0
テクノロジー,ソフトウェア開発,チーム開発,サービスデザイナー,デザイナー,d,1.0
テクノロジー,ソフトウェア開発,チーム開発,UX/UIデザイナー,デザイナー,b,3.0
テクノロジー,ソフトウェア開発,チーム開発,データビジネス,データサイエンティスト,b,3.0
テクノロジー,ソフトウェア開発,チーム開発,データアナリティクス,データサイエンティスト,b,3.0
テクノロジー,ソフトウェア開発,チーム開発,データエンジニア,データサイエンティスト,b,3.0
テクノロジー,ソフトウェア開発,チーム開発,フロントエンドエンジニア,ソフトウェアエンジニア,a,5.0
テクノロジー,ソフトウェア開発,チーム開発,バックエンドエンジニア,ソフトウェアエンジニア,a,5.0
テクノロジー,ソフトウェア開発,チーム開発,クラウドエンジニア/SRE,ソフトウェアエンジニア,a,5.0
テクノロジー,ソフトウェア開発,ソフトウェア設計手法,新規事業開発,ビジネスアーキテクト,d,1.0
テクノロジー,ソフトウェア開発,ソフトウェア設計手法,既存事業の高度化,ビジネスアーキテクト,d,1.0
テクノロジー,ソフトウェア開発,ソフトウェア設計手法,社内業務の高度化・効率化,ビジネスアーキテクト,d,1.0
テクノロジー,ソフトウェア開発,ソフトウェア設計手法,サービスデザイナー,デザイナー,d,1.0
テクノロジー,ソフトウェア開発,ソフトウェア設計手法,UX/UIデザイナー,デザイナー,c,2.0
テクノロジー,ソフトウェア開発,ソフトウェア設計手法,データビジネス,データサイエンティスト,c,2.0
テクノロジー,ソフトウェア開発,ソフトウェア設計手法,データアナリティクス,データサイエンティスト,c,2.0
テクノロジー,ソフトウェア開発,ソフトウェア設計手法,データエンジニア,データサイエンティスト,b,3.0
テクノロジー,ソフトウェア開発,ソフトウェア設計手法,フロントエンドエンジニア,ソフトウェアエンジニア,a,5.0
テクノロジー,ソフトウェア開発,ソフトウェア設計手法,バックエンドエンジニア,ソフトウェアエンジニア,a,5.0
テクノロジー,ソフトウェア開発,ソフトウェア設計手法,クラウドエンジニア/SRE,ソフトウェアエンジニア,b,3.0
テクノロジー,ソフトウェア開発,ソフトウェア開発プロセス,新規事業開発,ビジネスアーキテクト,c,2.0
テクノロジー,ソフトウェア開発,ソフトウェア開発プロセス,既存事業の高度化,ビジネスアーキテクト,c,2.0
テクノロジー,ソフトウェア開発,ソフトウェア開発プロセス,社内業務の高度化・効率化,ビジネスアーキテクト,c,2.0
テクノロジー,ソフトウェア開発,ソフトウェア開発プロセス,サービスデザイナー,デザイナー,d,1.0
テクノロジー,ソフトウェア開発,ソフトウェア開発プロセス,UX/UIデザイナー,デザイナー,c,2.0
テクノロジー,ソフトウェア開発,ソフトウェア開発プロセス,データビジネス,データサイエンティスト,c,2.0
テクノロジー,ソフトウェア開発,ソフトウェア開発プロセス,データアナリティクス,データサイエンティスト,c,2.0
テクノロジー,ソフトウェア開発,ソフトウェア開発プロセス,データエンジニア,データサイエンティスト,b,3.0
テクノロジー,ソフトウェア開発,ソフトウェア開発プロセス,フロントエンドエンジニア,ソフトウェアエンジニア,a,5.0
テクノロジー,ソフトウェア開発,ソフトウェア開発プロセス,バックエンドエンジニア,ソフトウェアエンジニア,a,5.0
テクノロジー,ソフトウェア開発,ソフトウェア開発プロセス,クラウドエンジニア/SRE,ソフトウェアエンジニア,b,3.0
テクノロジー,ソフトウェア開発,Webアプリケーション基本技術,新規事業開発,ビジネスアーキテクト,d,1.0
テクノロジー,ソフトウェア開発,Webアプリケーション基本技術,既存事業の高度化,ビジネスアーキテクト,d,1.0
テクノロジー,ソフトウェア開発,Webアプリケーション基本技術,社内業務の高度化・効率化,ビジネスアーキテクト,d,1.0
テクノロジー,ソフトウェア開発,Webアプリケーション基本技術,サービスデザイナー,デザイナー,d,1.0
テクノロジー,ソフトウェア開発,Webアプリケーション基本技術,UX/UIデザイナー,デザイナー,c,2.0
テクノロジー,ソフトウェア開発,Webアプリケーション基本技術,データビジネス,データサイエンティスト,d,1.0
テクノロジー,ソフトウェア開発,Webアプリケーション基本技術,データアナリティクス,データサイエンティスト,d,1.0
テクノロジー,ソフトウェア開発,Webアプリケーション基本技術,データエンジニア,データサイエンティスト,c,2.0
テクノロジー,ソフトウェア開発,Webアプリケーション基本技術,フロントエンドエンジニア,ソフトウェアエンジニア,a,5.0
テクノロジー,ソフトウェア開発,Webアプリケーション基本技術,バックエンドエンジニア,ソフトウェアエンジニア,a,5.0
テクノロジー,ソフトウェア開発,Webアプリケーション基本技術,クラウドエンジニア/SRE,ソフトウェアエンジニア,b,3.0
テクノロジー,ソフトウェア開発,フロントエンドシステム開発,新規事業開発,ビジネスアーキテクト,d,1.0
テクノロジー,ソフトウェア開発,フロントエンドシステム開発,既存事業の高度化,ビジネスアーキテクト,d,1.0
テクノロジー,ソフトウェア開発,フロントエンドシステム開発,社内業務の高度化・効率化,ビジネスアーキテクト,d,1.0
テクノロジー,ソフトウェア開発,フロントエンドシステム開発,サービスデザイナー,デザイナー,d,1.0
テクノロジー,ソフトウェア開発,フロントエンドシステム開発,UX/UIデザイナー,デザイナー,c,2.0
テクノロジー,ソフトウェア開発,フロントエンドシステム開発,データビジネス,データサイエンティスト,d,1.0
テクノロジー,ソフトウェア開発,フロントエンドシステム開発,データアナリティクス,データサイエンティスト,d,1.0
テクノロジー,ソフトウェア開発,フロントエンドシステム開発,データエンジニア,データサイエンティスト,c,2.0
テクノロジー,ソフトウェア開発,フロントエンドシステム開発,フロントエンドエンジニア,ソフトウェアエンジニア,a,5.0
テクノロジー,ソフトウェア開発,フロントエンドシステム開発,バックエンドエンジニア,ソフトウェアエンジニア,b,3.0
テクノロジー,ソフトウェア開発,フロントエンドシステム開発,クラウドエンジニア/SRE,ソフトウェアエンジニア,b,3.0
テクノロジー,ソフトウェア開発,バックエンドシステム開発,新規事業開発,ビジネスアーキテクト,d,1.0
テクノロジー,ソフトウェア開発,バックエンドシステム開発,既存事業の高度化,ビジネスアーキテクト,d,1.0
テクノロジー,ソフトウェア開発,バックエンドシステム開発,社内業務の高度化・効率化,ビジネスアーキテクト,d,1.0
テクノロジー,ソフトウェア開発,バックエンドシステム開発,サービスデザイナー,デザイナー,d,1.0
テクノロジー,ソフトウェア開発,バックエンドシステム開発,UX/UIデザイナー,デザイナー,c,2.0
テクノロジー,ソフトウェア開発,バックエンドシステム開発,データビジネス,データサイエンティスト,d,1.0
テクノロジー,ソフトウェア開発,バックエンドシステム開発,データアナリティクス,データサイエンティスト,d,1.0
テクノロジー,ソフトウェア開発,バックエンドシステム開発,データエンジニア,データサイエンティスト,b,3.0
テクノロジー,ソフトウェア開発,バックエンドシステム開発,フロントエンドエンジニア,ソフトウェアエンジニア,b,3.0
テクノロジー,ソフトウェア開発,バックエンドシステム開発,バックエンドエンジニア,ソフトウェアエンジニア,a,5.0
テクノロジー,ソフトウェア開発,バックエンドシステム開発,クラウドエンジニア/SRE,ソフトウェアエンジニア,b,3.0
テクノロジー,ソフトウェア開発,クラウドインフラ活用,新規事業開発,ビジネスアーキテクト,d,1.0
テクノロジー,ソフトウェア開発,クラウドインフラ活用,既存事業の高度化,ビジネスアーキテクト,d,1.0
テクノロジー,ソフトウェア開発,クラウドインフラ活用,社内業務の高度化・効率化,ビジネスアーキテクト,d,1.0
テクノロジー,ソフトウェア開発,クラウドインフラ活用,サービスデザイナー,デザイナー,d,1.0
テクノロジー,ソフトウェア開発,クラウドインフラ活用,UX/UIデザイナー,デザイナー,c,2.0
テクノロジー,ソフトウェア開発,クラウドインフラ活用,データビジネス,データサイエンティスト,d,1.0
テクノロジー,ソフトウェア開発,クラウドインフラ活用,データアナリティクス,データサイエンティスト,d,1.0
テクノロジー,ソフトウェア開発,クラウドインフラ活用,データエンジニア,データサイエンティスト,b,3.0
テクノロジー,ソフトウェア開発,クラウドインフラ活用,フロントエンドエンジニア,ソフトウェアエンジニア,b,3.0
テクノロジー,ソフトウェア開発,クラウドインフラ活用,バックエンドエンジニア,ソフトウェアエンジニア,a,5.0
テクノロジー,ソフトウェア開発,クラウドインフラ活用,クラウドエンジニア/SRE,ソフトウェアエンジニア,a,5.0
テクノロジー,ソフトウェア開発,SREプロセス,新規事業開発,ビジネスアーキテクト,d,1.0
テクノロジー,ソフトウェア開発,SREプロセス,既存事業の高度化,ビジネスアーキテクト,d,1.0
テクノロジー,ソフトウェア開発,SREプロセス,社内業務の高度化・効率化,ビジネスアーキテクト,d,1.0
テクノロジー,ソフトウェア開発,SREプロセス,サービスデザイナー,デザイナー,d,1.0
テクノロジー,ソフトウェア開発,SREプロセス,UX/UIデザイナー,デザイナー,c,2.0
テクノロジー,ソフトウェア開発,SREプロセス,データビジネス,データサイエンティスト,c,2.0
テクノロジー,ソフトウェア開発,SREプロセス,データアナリティクス,データサイエンティスト,c,2.0
テクノロジー,ソフトウェア開発,SREプロセス,データエンジニア,データサイエンティスト,c,2.0
テクノロジー,ソフトウェア開発,SREプロセス,フロントエンドエンジニア,ソフトウェアエンジニア,b,3.0
テクノロジー,ソフトウェア開発,SREプロセス,バックエンドエンジニア,ソフトウェアエンジニア,b,3.0
テクノロジー,ソフトウェア開発,SREプロセス,クラウドエンジニア/SRE,ソフトウェアエンジニア,a,5.0
テクノロジー,ソフトウェア開発,サービス活用,新規事業開発,ビジネスアーキテクト,d,1.0
テクノロジー,ソフトウェア開発,サービス活用,既存事業の高度化,ビジネスアーキテクト,d,1.0
テクノロジー,ソフトウェア開発,サービス活用,社内業務の高度化・効率化,ビジネスアーキテクト,c,2.0
テクノロジー,ソフトウェア開発,サービス活用,サービスデザイナー,デザイナー,d,1.0
テクノロジー,ソフトウェア開発,サービス活用,UX/UIデザイナー,デザイナー,c,2.0
テクノロジー,ソフトウェア開発,サービス活用,データビジネス,データサイエンティスト,c,2.0
テクノロジー,ソフトウェア開発,サービス活用,データアナリティクス,データサイエンティスト,c,2.0
テクノロジー,ソフトウェア開発,サービス活用,データエンジニア,データサイエンティスト,b,3.0
テクノロジー,ソフトウェア開発,サービス活用,フロントエンドエンジニア,ソフトウェアエンジニア,c,2.0
テクノロジー,ソフトウェア開発,サービス活用,バックエンドエンジニア,ソフトウェアエンジニア,b,3.0
テクノロジー,ソフトウェア開発,サービス活用,クラウドエンジニア/SRE,ソフトウェアエンジニア,c,2.0
セキュリティ,セキュリティ技術,セキュア設計・開発・構築,新規事業開発,ビジネスアーキテクト,d,1.0
セキュリティ,セキュリティ技術,セキュア設計・開発・構築,既存事業の高度化,ビジネスアーキテクト,d,1.0
セキュリティ,セキュリティ技術,セキュア設計・開発・構築,社内業務の高度化・効率化,ビジネスアーキテクト,d,1.0
セキュリティ,セキュリティ技術,セキュア設計・開発・構築,サービスデザイナー,デザイナー,d,1.0
セキュリティ,セキュリティ技術,セキュア設計・開発・構築,UX/UIデザイナー,デザイナー,d,1.0
セキュリティ,セキュリティ技術,セキュア設計・開発・構築,データビジネス,データサイエンティスト,d,1.0
セキュリティ,セキュリティ技術,セキュア設計・開発・構築,データアナリティクス,データサイエンティスト,d,1.0
セキュリティ,セキュリティ技術,セキュア設計・開発・構築,データエンジニア,データサイエンティスト,b,3.0
セキュリティ,セキュリティ技術,セキュア設計・開発・構築,フロントエンドエンジニア,ソフトウェアエンジニア,b,3.0
セキュリティ,セキュリティ技術,セキュア設計・開発・構築,バックエンドエンジニア,ソフトウェアエンジニア,b,3.0
セキュリティ,セキュリティ技術,セキュア設計・開発・構築,クラウドエンジニア/SRE,ソフトウェアエンジニア,b,3.0
セキュリティ,セキュリティ技術,セキュリティ運用・保守・監視,新規事業開発,ビジネスアーキテクト,d,1.0
セキュリティ,セキュリティ技術,セキュリティ運用・保守・監視,既存事業の高度化,ビジネスアーキテクト,d,1.0
セキュリティ,セキュリティ技術,セキュリティ運用・保守・監視,社内業務の高度化・効率化,ビジネスアーキテクト,d,1.0
セキュリティ,セキュリティ技術,セキュリティ運用・保守・監視,サービスデザイナー,デザイナー,d,1.0
セキュリティ,セキュリティ技術,セキュリティ運用・保守・監視,UX/UIデザイナー,デザイナー,d,1.0
セキュリティ,セキュリティ技術,セキュリティ運用・保守・監視,データビジネス,データサイエンティスト,d,1.0
セキュリティ,セキュリティ技術,セキュリティ運用・保守・監視,データアナリティクス,データサイエンティスト,d,1.0
セキュリティ,セキュリティ技術,セキュリティ運用・保守・監視,データエンジニア,データサイエンティスト,c,2.0
セキュリティ,セキュリティ技術,セキュリティ運用・保守・監視,フロントエンドエンジニア,ソフトウェアエンジニア,c,2.0
セキュリティ,セキュリティ技術,セキュリティ運用・保守・監視,バックエンドエンジニア,ソフトウェアエンジニア,c,2.0
セキュリティ,セキュリティ技術,セキュリティ運用・保守・監視,クラウドエンジニア/SRE,ソフトウェアエンジニア,a,5.0
パーソナルスキル,ヒューマンスキル,リーダーシップ,新規事業開発,ビジネスアーキテクト,z,2.5
パーソナルスキル,ヒューマンスキル,リーダーシップ,既存事業の高度化,ビジネスアーキテクト,z,2.5
パーソナルスキル,ヒューマンスキル,リーダーシップ,社内業務の高度化・効率化,ビジネスアーキテクト,z,2.5
パーソナルスキル,ヒューマンスキル,リーダーシップ,サービスデザイナー,デザイナー,z,2.5
パーソナルスキル,ヒューマンスキル,リーダーシップ,UX/UIデザイナー,デザイナー,z,2.5
パーソナルスキル,ヒューマンスキル,リーダーシップ,データビジネス,データサイエンティスト,z,2.5
パーソナルスキル,ヒューマンスキル,リーダーシップ,データアナリティクス,データサイエンティスト,z,2.5
パーソナルスキル,ヒューマンスキル,リーダーシップ,データエンジニア,データサイエンティスト,z,2.5
パーソナルスキル,ヒューマンスキル,リーダーシップ,フロントエンドエンジニア,ソフトウェアエンジニア,z,2.5
パーソナルスキル,ヒューマンスキル,リーダーシップ,バックエンドエンジニア,ソフトウェアエンジニア,z,2.5
パーソナルスキル,ヒューマンスキル,リーダーシップ,クラウドエンジニア/SRE,ソフトウェアエンジニア,z,2.5
パーソナルスキル,ヒューマンスキル,コラボレーション,新規事業開発,ビジネスアーキテクト,z,2.5
パーソナルスキル,ヒューマンスキル,コラボレーション,既存事業の高度化,ビジネスアーキテクト,z,2.5
パーソナルスキル,ヒューマンスキル,コラボレーション,社内業務の高度化・効率化,ビジネスアーキテクト,z,2.5
パーソナルスキル,ヒューマンスキル,コラボレーション,サービスデザイナー,デザイナー,z,2.5
パーソナルスキル,ヒューマンスキル,コラボレーション,UX/UIデザイナー,デザイナー,z,2.5
パーソナルスキル,ヒューマンスキル,コラボレーション,データビジネス,データサイエンティスト,z,2.5
パーソナルスキル,ヒューマンスキル,コラボレーション,データアナリティクス,データサイエンティスト,z,2.5
パーソナルスキル,ヒューマンスキル,コラボレーション,データエンジニア,データサイエンティスト,z,2.5
パーソナルスキル,ヒューマンスキル,コラボレーション,フロントエンドエンジニア,ソフトウェアエンジニア,z,2.5
パーソナルスキル,ヒューマンスキル,コラボレーション,バックエンドエンジニア,ソフトウェアエンジニア,z,2.5
パーソナルスキル,ヒューマンスキル,コラボレーション,クラウドエンジニア/SRE,ソフトウェアエンジニア,z,2.5
パーソナルスキル,コンセプチュアルスキル,ゴール設定,新規事業開発,ビジネスアーキテクト,z,2.5
パーソナルスキル,コンセプチュアルスキル,ゴール設定,既存事業の高度化,ビジネスアーキテクト,z,2.5
パーソナルスキル,コンセプチュアルスキル,ゴール設定,社内業務の高度化・効率化,ビジネスアーキテクト,z,2.5
パーソナルスキル,コンセプチュアルスキル,ゴール設定,サービスデザイナー,デザイナー,z,2.5
パーソナルスキル,コンセプチュアルスキル,ゴール設定,UX/UIデザイナー,デザイナー,z,2.5
パーソナルスキル,コンセプチュアルスキル,ゴール設定,データビジネス,データサイエンティスト,z,2.5
パーソナルスキル,コンセプチュアルスキル,ゴール設定,データアナリティクス,データサイエンティスト,z,2.5
パーソナルスキル,コンセプチュアルスキル,ゴール設定,データエンジニア,データサイエンティスト,z,2.5
パーソナルスキル,コンセプチュアルスキル,ゴール設定,フロントエンドエンジニア,ソフトウェアエンジニア,z,2.5
パーソナルスキル,コンセプチュアルスキル,ゴール設定,バックエンドエンジニア,ソフトウェアエンジニア,z,2.5
パーソナルスキル,コンセプチュアルスキル,ゴール設定,クラウドエンジニア/SRE,ソフトウェアエンジニア,z,2.5
パーソナルスキル,コンセプチュアルスキル,創造的な問題解決,新規事業開発,ビジネスアーキテクト,z,2.5
パーソナルスキル,コンセプチュアルスキル,創造的な問題解決,既存事業の高度化,ビジネスアーキテクト,z,2.5
パーソナルスキル,コンセプチュアルスキル,創造的な問題解決,社内業務の高度化・効率化,ビジネスアーキテクト,z,2.5
パーソナルスキル,コンセプチュアルスキル,創造的な問題解決,サービスデザイナー,デザイナー,z,2.5
パーソナルスキル,コンセプチュアルスキル,創造的な問題解決,UX/UIデザイナー,デザイナー,z,2.5
パーソナルスキル,コンセプチュアルスキル,創造的な問題解決,データビジネス,データサイエンティスト,z,2.5
パーソナルスキル,コンセプチュアルスキル,創造的な問題解決,データアナリティクス,データサイエンティスト,z,2.5
パーソナルスキル,コンセプチュアルスキル,創造的な問題解決,データエンジニア,データサイエンティスト,z,2.5
パーソナルスキル,コンセプチュアルスキル,創造的な問題解決,フロントエンドエンジニア,ソフトウェアエンジニア,z,2.5
パーソナルスキル,コンセプチュアルスキル,創造的な問題解決,バックエンドエンジニア,ソフトウェアエンジニア,z,2.5
パーソナルスキル,コンセプチュアルスキル,創造的な問題解決,クラウドエンジニア/SRE,ソフトウェアエンジニア,z,2.5
パーソナルスキル,コンセプチュアルスキル,批判的思考,新規事業開発,ビジネスアーキテクト,z,2.5
パーソナルスキル,コンセプチュアルスキル,批判的思考,既存事業の高度化,ビジネスアーキテクト,z,2.5
パーソナルスキル,コンセプチュアルスキル,批判的思考,社内業務の高度化・効率化,ビジネスアーキテクト,z,2.5
パーソナルスキル,コンセプチュアルスキル,批判的思考,サービスデザイナー,デザイナー,z,2.5
パーソナルスキル,コンセプチュアルスキル,批判的思考,UX/UIデザイナー,デザイナー,z,2.5
パーソナルスキル,コンセプチュアルスキル,批判的思考,データビジネス,データサイエンティスト,z,2.5
パーソナルスキル,コンセプチュアルスキル,批判的思考,データアナリティクス,データサイエンティスト,z,2.5
パーソナルスキル,コンセプチュアルスキル,批判的思考,データエンジニア,データサイエンティスト,z,2.5
パーソナルスキル,コンセプチュアルスキル,批判的思考,フロントエンドエンジニア,ソフトウェアエンジニア,z,2.5
パーソナルスキル,コンセプチュアルスキル,批判的思考,バックエンドエンジニア,ソフトウェアエンジニア,z,2.5
パーソナルスキル,コンセプチュアルスキル,批判的思考,クラウドエンジニア/SRE,ソフトウェアエンジニア,z,2.5
パーソナルスキル,コンセプチュアルスキル,適応力,新規事業開発,ビジネスアーキテクト,z,2.5
パーソナルスキル,コンセプチュアルスキル,適応力,既存事業の高度化,ビジネスアーキテクト,z,2.5
パーソナルスキル,コンセプチュアルスキル,適応力,社内業務の高度化・効率化,ビジネスアーキテクト,z,2.5
パーソナルスキル,コンセプチュアルスキル,適応力,サービスデザイナー,デザイナー,z,2.5
パーソナルスキル,コンセプチュアルスキル,適応力,UX/UIデザイナー,デザイナー,z,2.5
パーソナルスキル,コンセプチュアルスキル,適応力,データビジネス,データサイエンティスト,z,2.5
パーソナルスキル,コンセプチュアルスキル,適応力,データアナリティクス,データサイエンティスト,z,2.5
パーソナルスキル,コンセプチュアルスキル,適応力,データエンジニア,データサイエンティスト,z,2.5
パーソナルスキル,コンセプチュアルスキル,適応力,フロントエンドエンジニア,ソフトウェアエンジニア,z,2.5
パーソナルスキル,コンセプチュアルスキル,適応力,バックエンドエンジニア,ソフトウェアエンジニア,z,2.5
パーソナルスキル,コンセプチュアルスキル,適応力,クラウドエンジニア/SRE,ソフトウェアエンジニア,z,2.5
ビジネス変革,戦略・マネジメント・システム,ビジネス戦略策定・実行,新規事業開発,ビジネスアーキテクト,a,5.0
ビジネス変革,戦略・マネジメント・システム,ビジネス戦略策定・実行,既存事業の高度化,ビジネスアーキテクト,a,5.0
ビジネス変革,戦略・マネジメント・システム,ビジネス戦略策定・実行,社内業務の高度化・効率化,ビジネスアーキテクト,a,5.0
ビジネス変革,戦略・マネジメント・システム,ビジネス戦略策定・実行,サービスデザイナー,デザイナー,a,5.0
ビジネス変革,戦略・マネジメント・システム,ビジネス戦略策定・実行,UX/UIデザイナー,デザイナー,a,5.0
ビジネス変革,戦略・マネジメント・システム,ビジネス戦略策定・実行,データビジネス,データサイエンティスト,c,2.0
ビジネス変革,戦略・マネジメント・システム,ビジネス戦略策定・実行,データアナリティクス,データサイエンティスト,b,3.0
ビジネス変革,戦略・マネジメント・システム,ビジネス戦略策定・実行,データエンジニア,データサイエンティスト,d,1.0
ビジネス変革,戦略・マネジメント・システム,ビジネス戦略策定・実行,フロントエンドエンジニア,ソフトウェアエンジニア,b,3.0
ビジネス変革,戦略・マネジメント・システム,ビジネス戦略策定・実行,バックエンドエンジニア,ソフトウェアエンジニア,d,1.0
ビジネス変革,戦略・マネジメント・システム,ビジネス戦略策定・実行,クラウドエンジニア/SRE,ソフトウェアエンジニア,d,1.0
ビジネス変革,戦略・マネジメント・システム,プロダクトマネジメント,新規事業開発,ビジネスアーキテクト,a,5.0
ビジネス変革,戦略・マネジメント・システム,プロダクトマネジメント,既存事業の高度化,ビジネスアーキテクト,a,5.0
ビジネス変革,戦略・マネジメント・システム,プロダクトマネジメント,社内業務の高度化・効率化,ビジネスアーキテクト,a,5.0
ビジネス変革,戦略・マネジメント・システム,プロダクトマネジメント,サービスデザイナー,デザイナー,a,5.0
ビジネス変革,戦略・マネジメント・システム,プロダクトマネジメント,UX/UIデザイナー,デザイナー,a,5.0
ビジネス変革,戦略・マネジメント・システム,プロダクトマネジメント,データビジネス,データサイエンティスト,c,2.0
ビジネス変革,戦略・マネジメント・システム,プロダクトマネジメント,データアナリティクス,データサイエンティスト,b,3.0
ビジネス変革,戦略・マネジメント・システム,プロダクトマネジメント,データエンジニア,データサイエンティスト,c,2.0
ビジネス変革,戦略・マネジメント・システム,プロダクトマネジメント,フロントエンドエンジニア,ソフトウェアエンジニア,c,2.0
ビジネス変革,戦略・マネジメント・システム,プロダクトマネジメント,バックエンドエンジニア,ソフトウェアエンジニア,c,2.0
ビジネス変革,戦略・マネジメント・システム,プロダクトマネジメント,クラウドエンジニア/SRE,ソフトウェアエンジニア,c,2.0
ビジネス変革,戦略・マネジメント・システム,変革マネジメント,新規事業開発,ビジネスアーキテクト,a,5.0
ビジネス変革,戦略・マネジメント・システム,変革マネジメント,既存事業の高度化,ビジネスアーキテクト,a,5.0
ビジネス変革,戦略・マネジメント・システム,変革マネジメント,社内業務の高度化・効率化,ビジネスアーキテクト,a,5.0
ビジネス変革,戦略・マネジメント・システム,変革マネジメント,サービスデザイナー,デザイナー,a,5.0
ビジネス変革,戦略・マネジメント・システム,変革マネジメント,UX/UIデザイナー,デザイナー,a,5.0
ビジネス変革,戦略・マネジメント・システム,変革マネジメント,データビジネス,データサイエンティスト,a,5.0
ビジネス変革,戦略・マネジメント・システム,変革マネジメント,データアナリティクス,データサイエンティスト,b,3.0
ビジネス変革,戦略・マネジメント・システム,変革マネジメント,データエンジニア,データサイエンティスト,d,1.0
ビジネス変革,戦略・マネジメント・システム,変革マネジメント,フロントエンドエンジニア,ソフトウェアエンジニア,c,2.0
ビジネス変革,戦略・マネジメント・システム,変革マネジメント,バックエンドエンジニア,ソフトウェアエンジニア,c,2.0
ビジネス変革,戦略・マネジメント・システム,変革マネジメント,クラウドエンジニア/SRE,ソフトウェアエンジニア,c,2.0
ビジネス変革,戦略・マネジメント・システム,システムズエンジニアリング,新規事業開発,ビジネスアーキテクト,a,5.0
ビジネス変革,戦略・マネジメント・システム,システムズエンジニアリング,既存事業の高度化,ビジネスアーキテクト,a,5.0
ビジネス変革,戦略・マネジメント・システム,システムズエンジニアリング,社内業務の高度化・効率化,ビジネスアーキテクト,a,5.0
ビジネス変革,戦略・マネジメント・システム,システムズエンジニアリング,サービスデザイナー,デザイナー,a,5.0
ビジネス変革,戦略・マネジメント・システム,システムズエンジニアリング,UX/UIデザイナー,デザイナー,a,5.0
ビジネス変革,戦略・マネジメント・システム,システムズエンジニアリング,データビジネス,データサイエンティスト,b,3.0
ビジネス変革,戦略・マネジメント・システム,システムズエンジニアリング,データアナリティクス,データサイエンティスト,c,2.0
ビジネス変革,戦略・マネジメント・システム,システムズエンジニアリング,データエンジニア,データサイエンティスト,d,1.0
ビジネス変革,戦略・マネジメント・システム,システムズエンジニアリング,フロントエンドエンジニア,ソフトウェアエンジニア,c,2.0
ビジネス変革,戦略・マネジメント・システム,システムズエンジニアリング,バックエンドエンジニア,ソフトウェアエンジニア,c,2.0
ビジネス変革,戦略・マネジメント・システム,システムズエンジニアリング,クラウドエンジニア/SRE,ソフトウェアエンジニア,b,3.0
ビジネス変革,戦略・マネジメント・システム,エンタープライズアーキテクチャ,新規事業開発,ビジネスアーキテクト,a,5.0
ビジネス変革,戦略・マネジメント・システム,エンタープライズアーキテクチャ,既存事業の高度化,ビジネスアーキテクト,a,5.0
ビジネス変革,戦略・マネジメント・システム,エンタープライズアーキテクチャ,社内業務の高度化・効率化,ビジネスアーキテクト,a,5.0
ビジネス変革,戦略・マネジメント・システム,エンタープライズアーキテクチャ,サービスデザイナー,デザイナー,a,5.0
ビジネス変革,戦略・マネジメント・システム,エンタープライズアーキテクチャ,UX/UIデザイナー,デザイナー,a,5.0
ビジネス変革,戦略・マネジメント・システム,エンタープライズアーキテクチャ,データビジネス,データサイエンティスト,c,2.0
ビジネス変革,戦略・マネジメント・システム,エンタープライズアーキテクチャ,データアナリティクス,データサイエンティスト,c,2.0
ビジネス変革,戦略・マネジメント・システム,エンタープライズアーキテクチャ,データエンジニア,データサイエンティスト,d,1.0
ビジネス変革,戦略・マネジメント・システム,エンタープライズアーキテクチャ,フロントエンドエンジニア,ソフトウェアエンジニア,c,2.0
ビジネス変革,戦略・マネジメント・システム,エンタープライズアーキテクチャ,バックエンドエンジニア,ソフトウェアエンジニア,d,1.0
ビジネス変革,戦略・マネジメント・システム,エンタープライズアーキテクチャ,クラウドエンジニア/SRE,ソフトウェアエンジニア,b,3.0
ビジネス変革,戦略・マネジメント・システム,プロジェクトマネジメント,新規事業開発,ビジネスアーキテクト,a,5.0
ビジネス変革,戦略・マネジメント・システム,プロジェクトマネジメント,既存事業の高度化,ビジネスアーキテクト,a,5.0
ビジネス変革,戦略・マネジメント・システム,プロジェクトマネジメント,社内業務の高度化・効率化,ビジネスアーキテクト,b,3.0
ビジネス変革,戦略・マネジメント・システム,プロジェクトマネジメント,サービスデザイナー,デザイナー,b,3.0
ビジネス変革,戦略・マネジメント・システム,プロジェクトマネジメント,UX/UIデザイナー,デザイナー,b,3.0
ビジネス変革,戦略・マネジメント・システム,プロジェクトマネジメント,データビジネス,データサイエンティスト,b,3.0
ビジネス変革,戦略・マネジメント・システム,プロジェクトマネジメント,データアナリティクス,データサイエンティスト,c,2.0
ビジネス変革,戦略・マネジメント・システム,プロジェクトマネジメント,データエンジニア,データサイエンティスト,c,2.0
ビジネス変革,戦略・マネジメント・システム,プロジェクトマネジメント,フロントエンドエンジニア,ソフトウェアエンジニア,b,3.0
ビジネス変革,戦略・マネジメント・システム,プロジェクトマネジメント,バックエンドエンジニア,ソフトウェアエンジニア,c,2.0
ビジネス変革,戦略・マネジメント・システム,プロジェクトマネジメント,クラウドエンジニア/SRE,ソフトウェアエンジニア,c,2.0
ビジネス変革,ビジネスモデル・プロセス,ビジネス調査,新規事業開発,ビジネスアーキテクト,a,5.0
ビジネス変革,ビジネスモデル・プロセス,ビジネス調査,既存事業の高度化,ビジネスアーキテクト,a,5.0
ビジネス変革,ビジネスモデル・プロセス,ビジネス調査,社内業務の高度化・効率化,ビジネスアーキテクト,a,5.0
ビジネス変革,ビジネスモデル・プロセス,ビジネス調査,サービスデザイナー,デザイナー,a,5.0
ビジネス変革,ビジネスモデル・プロセス,ビジネス調査,UX/UIデザイナー,デザイナー,a,5.0
ビジネス変革,ビジネスモデル・プロセス,ビジネス調査,データビジネス,データサイエンティスト,b,3.0
ビジネス変革,ビジネスモデル・プロセス,ビジネス調査,データアナリティクス,データサイエンティスト,b,3.0
ビジネス変革,ビジネスモデル・プロセス,ビジネス調査,データエンジニア,データサイエンティスト,d,1.0
ビジネス変革,ビジネスモデル・プロセス,ビジネス調査,フロントエンドエンジニア,ソフトウェアエンジニア,b,3.0
ビジネス変革,ビジネスモデル・プロセス,ビジネス調査,バックエンドエンジニア,ソフトウェアエンジニア,d,1.0
ビジネス変革,ビジネスモデル・プロセス,ビジネス調査,クラウドエンジニア/SRE,ソフトウェアエンジニア,d,1.0
ビジネス変革,ビジネスモデル・プロセス,ビジネスモデル設計,新規事業開発,ビジネスアーキテクト,a,5.0
ビジネス変革,ビジネスモデル・プロセス,ビジネスモデル設計,既存事業の高度化,ビジネスアーキテクト,a,5.0
ビジネス変革,ビジネスモデル・プロセス,ビジネスモデル設計,社内業務の高度化・効率化,ビジネスアーキテクト,a,5.0
ビジネス変革,ビジネスモデル・プロセス,ビジネスモデル設計,サービスデザイナー,デザイナー,a,5.0
ビジネス変革,ビジネスモデル・プロセス,ビジネスモデル設計,UX/UIデザイナー,デザイナー,a,5.0
ビジネス変革,ビジネスモデル・プロセス,ビジネスモデル設計,データビジネス,データサイエンティスト,c,2.0
ビジネス変革,ビジネスモデル・プロセス,ビジネスモデル設計,データアナリティクス,データサイエンティスト,b,3.0
ビジネス変革,ビジネスモデル・プロセス,ビジネスモデル設計,データエンジニア,データサイエンティスト,d,1.0
ビジネス変革,ビジネスモデル・プロセス,ビジネスモデル設計,フロントエンドエンジニア,ソフトウェアエンジニア,b,3.0
ビジネス変革,ビジネスモデル・プロセス,ビジネスモデル設計,バックエンドエンジニア,ソフトウェアエンジニア,c,2.0
ビジネス変革,ビジネスモデル・プロセス,ビジネスモデル設計,クラウドエンジニア/SRE,ソフトウェアエンジニア,d,1.0
ビジネス変革,ビジネスモデル・プロセス,ビジネスアナリシス,新規事業開発,ビジネスアーキテクト,a,5.0
ビジネス変革,ビジネスモデル・プロセス,ビジネスアナリシス,既存事業の高度化,ビジネスアーキテクト,a,5.0
ビジネス変革,ビジネスモデル・プロセス,ビジネスアナリシス,社内業務の高度化・効率化,ビジネスアーキテクト,a,5.0
ビジネス変革,ビジネスモデル・プロセス,ビジネスアナリシス,サービスデザイナー,デザイナー,a,5.0
ビジネス変革,ビジネスモデル・プロセス,ビジネスアナリシス,UX/UIデザイナー,デザイナー,a,5.0
ビジネス変革,ビジネスモデル・プロセス,ビジネスアナリシス,データビジネス,データサイエンティスト,c,2.0
ビジネス変革,ビジネスモデル・プロセス,ビジネスアナリシス,データアナリティクス,データサイエンティスト,b,3.0
ビジネス変革,ビジネスモデル・プロセス,ビジネスアナリシス,データエンジニア,データサイエンティスト,d,1.0
ビジネス変革,ビジネスモデル・プロセス,ビジネスアナリシス,フロントエンドエンジニア,ソフトウェアエンジニア,b,3.0
ビジネス変革,ビジネスモデル・プロセス,ビジネスアナリシス,バックエンドエンジニア,ソフトウェアエンジニア,c,2.0
ビジネス変革,ビジネスモデル・プロセス,ビジネスアナリシス,クラウドエンジニア/SRE,ソフトウェアエンジニア,c,2.0
ビジネス変革,ビジネスモデル・プロセス,検証（ビジネス視点）,新規事業開発,ビジネスアーキテクト,a,5.0
ビジネス変革,ビジネスモデル・プロセス,検証（ビジネス視点）,既存事業の高度化,ビジネスアーキテクト,a,5.0
ビジネス変革,ビジネスモデル・プロセス,検証（ビジネス視点）,社内業務の高度化・効率化,ビジネスアーキテクト,a,5.0
ビジネス変革,ビジネスモデル・プロセス,検証（ビジネス視点）,サービスデザイナー,デザイナー,a,5.0
ビジネス変革,ビジネスモデル・プロセス,検証（ビジネス視点）,UX/UIデザイナー,デザイナー,a,5.0
ビジネス変革,ビジネスモデル・プロセス,検証（ビジネス視点）,データビジネス,データサイエンティスト,b,3.0
ビジネス変革,ビジネスモデル・プロセス,検証（ビジネス視点）,データアナリティクス,データサイエンティスト,b,3.0
ビジネス変革,ビジネスモデル・プロセス,検証（ビジネス視点）,データエンジニア,データサイエンティスト,d,1.0
ビジネス変革,ビジネスモデル・プロセス,検証（ビジネス視点）,フロントエンドエンジニア,ソフトウェアエンジニア,b,3.0
ビジネス変革,ビジネスモデル・プロセス,検証（ビジネス視点）,バックエンドエンジニア,ソフトウェアエンジニア,c,2.0
ビジネス変革,ビジネスモデル・プロセス,検証（ビジネス視点）,クラウドエンジニア/SRE,ソフトウェアエンジニア,d,1.0
ビジネス変革,ビジネスモデル・プロセス,マーケティング,新規事業開発,ビジネスアーキテクト,a,5.0
ビジネス変革,ビジネスモデル・プロセス,マーケティング,既存事業の高度化,ビジネスアーキテクト,a,5.0
ビジネス変革,ビジネスモデル・プロセス,マーケティング,社内業務の高度化・効率化,ビジネスアーキテクト,a,5.0
ビジネス変革,ビジネスモデル・プロセス,マーケティング,サービスデザイナー,デザイナー,b,3.0
ビジネス変革,ビジネスモデル・プロセス,マーケティング,UX/UIデザイナー,デザイナー,b,3.0
ビジネス変革,ビジネスモデル・プロセス,マーケティング,データビジネス,データサイエンティスト,c,2.0
ビジネス変革,ビジネスモデル・プロセス,マーケティング,データアナリティクス,データサイエンティスト,b,3.0
ビジネス変革,ビジネスモデル・プロセス,マーケティング,データエンジニア,データサイエンティスト,b,3.0
ビジネス変革,ビジネスモデル・プロセス,マーケティング,フロントエンドエンジニア,ソフトウェアエンジニア,c,2.0
ビジネス変革,ビジネスモデル・プロセス,マーケティング,バックエンドエンジニア,ソフトウェアエンジニア,d,1.0
ビジネス変革,ビジネスモデル・プロセス,マーケティング,クラウドエンジニア/SRE,ソフトウェアエンジニア,d,1.0
ビジネス変革,ビジネスモデル・プロセス,ブランディング,新規事業開発,ビジネスアーキテクト,a,5.0
ビジネス変革,ビジネスモデル・プロセス,ブランディング,既存事業の高度化,ビジネスアーキテクト,a,5.0
ビジネス変革,ビジネスモデル・プロセス,ブランディング,社内業務の高度化・効率化,ビジネスアーキテクト,a,5.0
ビジネス変革,ビジネスモデル・プロセス,ブランディング,サービスデザイナー,デザイナー,b,3.0
ビジネス変革,ビジネスモデル・プロセス,ブランディング,UX/UIデザイナー,デザイナー,b,3.0
ビジネス変革,ビジネスモデル・プロセス,ブランディング,データビジネス,データサイエンティスト,c,2.0
ビジネス変革,ビジネスモデル・プロセス,ブランディング,データアナリティクス,データサイエンティスト,c,2.0
ビジネス変革,ビジネスモデル・プロセス,ブランディング,データエンジニア,データサイエンティスト,c,2.0
ビジネス変革,ビジネスモデル・プロセス,ブランディング,フロントエンドエンジニア,ソフトウェアエンジニア,c,2.0
ビジネス変革,ビジネスモデル・プロセス,ブランディング,バックエンドエンジニア,ソフトウェアエンジニア,d,1.0
ビジネス変革,ビジネスモデル・プロセス,ブランディング,クラウドエンジニア/SRE,ソフトウェアエンジニア,d,1.0
デザイン,デザイン,顧客・ユーザー理解,新規事業開発,ビジネスアーキテクト,b,3.0
デザイン,デザイン,顧客・ユーザー理解,既存事業の高度化,ビジネスアーキテクト,b,3.0
デザイン,デザイン,顧客・ユーザー理解,社内業務の高度化・効率化,ビジネスアーキテクト,b,3.0
デザイン,デザイン,顧客・ユーザー理解,サービスデザイナー,デザイナー,a,5.0
デザイン,デザイン,顧客・ユーザー理解,UX/UIデザイナー,デザイナー,a,5.0
デザイン,デザイン,顧客・ユーザー理解,データビジネス,データサイエンティスト,c,2.0
デザイン,デザイン,顧客・ユーザー理解,データアナリティクス,データサイエンティスト,c,2.0
デザイン,デザイン,顧客・ユーザー理解,データエンジニア,データサイエンティスト,c,2.0
デザイン,デザイン,顧客・ユーザー理解,フロントエンドエンジニア,ソフトウェアエンジニア,b,3.0
デザイン,デザイン,顧客・ユーザー理解,バックエンドエンジニア,ソフトウェアエンジニア,c,2.0
デザイン,デザイン,顧客・ユーザー理解,クラウドエンジニア/SRE,ソフトウェアエンジニア,c,2.0
デザイン,デザイン,価値発見・定義,新規事業開発,ビジネスアーキテクト,b,3.0
デザイン,デザイン,価値発見・定義,既存事業の高度化,ビジネスアーキテクト,b,3.0
デザイン,デザイン,価値発見・定義,社内業務の高度化・効率化,ビジネスアーキテクト,b,3.0
デザイン,デザイン,価値発見・定義,サービスデザイナー,デザイナー,a,5.0
デザイン,デザイン,価値発見・定義,UX/UIデザイナー,デザイナー,a,5.0
デザイン,デザイン,価値発見・定義,データビジネス,データサイエンティスト,c,2.0
デザイン,デザイン,価値発見・定義,データアナリティクス,データサイエンティスト,c,2.0
デザイン,デザイン,価値発見・定義,データエンジニア,データサイエンティスト,c,2.0
デザイン,デザイン,価値発見・定義,フロントエンドエンジニア,ソフトウェアエンジニア,b,3.0
デザイン,デザイン,価値発見・定義,バックエンドエンジニア,ソフトウェアエンジニア,c,2.0
デザイン,デザイン,価値発見・定義,クラウドエンジニア/SRE,ソフトウェアエンジニア,c,2.0
デザイン,デザイン,設計,新規事業開発,ビジネスアーキテクト,d,1.0
デザイン,デザイン,設計,既存事業の高度化,ビジネスアーキテクト,d,1.0
デザイン,デザイン,設計,社内業務の高度化・効率化,ビジネスアーキテクト,d,1.0
デザイン,デザイン,設計,サービスデザイナー,デザイナー,b,3.0
デザイン,デザイン,設計,UX/UIデザイナー,デザイナー,a,5.0
デザイン,デザイン,設計,データビジネス,データサイエンティスト,d,1.0
デザイン,デザイン,設計,データアナリティクス,データサイエンティスト,d,1.0
デザイン,デザイン,設計,データエンジニア,データサイエンティスト,d,1.0
デザイン,デザイン,設計,フロントエンドエンジニア,ソフトウェアエンジニア,c,2.0
デザイン,デザイン,設計,バックエンドエンジニア,ソフトウェアエンジニア,d,1.0
デザイン,デザイン,設計,クラウドエンジニア/SRE,ソフトウェアエンジニア,c,2.0
デザイン,デザイン,検証（顧客・ユーザー視点）,新規事業開発,ビジネスアーキテクト,c,2.0
デザイン,デザイン,検証（顧客・ユーザー視点）,既存事業の高度化,ビジネスアーキテクト,c,2.0
デザイン,デザイン,検証（顧客・ユーザー視点）,社内業務の高度化・効率化,ビジネスアーキテクト,c,2.0
デザイン,デザイン,検証（顧客・ユーザー視点）,サービスデザイナー,デザイナー,a,5.0
デザイン,デザイン,検証（顧客・ユーザー視点）,UX/UIデザイナー,デザイナー,a,5.0
デザイン,デザイン,検証（顧客・ユーザー視点）,データビジネス,データサイエンティスト,c,2.0
デザイン,デザイン,検証（顧客・ユーザー視点）,データアナリティクス,データサイエンティスト,c,2.0
デザイン,デザイン,検証（顧客・ユーザー視点）,データエンジニア,データサイエンティスト,c,2.0
デザイン,デザイン,検証（顧客・ユーザー視点）,フロントエンドエンジニア,ソフトウェアエンジニア,b,3.0
デザイン,デザイン,検証（顧客・ユーザー視点）,バックエンドエンジニア,ソフトウェアエンジニア,b,3.0
デザイン,デザイン,検証（顧客・ユーザー視点）,クラウドエンジニア/SRE,ソフトウェアエンジニア,c,2.0
デザイン,デザイン,その他デザイン技術,新規事業開発,ビジネスアーキテクト,d,1.0
デザイン,デザイン,その他デザイン技術,既存事業の高度化,ビジネスアーキテクト,d,1.0
デザイン,デザイン,その他デザイン技術,社内業務の高度化・効率化,ビジネスアーキテクト,d,1.0
デザイン,デザイン,その他デザイン技術,サービスデザイナー,デザイナー,c,2.0
デザイン,デザイン,その他デザイン技術,UX/UIデザイナー,デザイナー,c,2.0
デザイン,デザイン,その他デザイン技術,データビジネス,データサイエンティスト,d,1.0
デザイン,デザイン,その他デザイン技術,データアナリティクス,データサイエンティスト,d,1.0
デザイン,デザイン,その他デザイン技術,データエンジニア,データサイエンティスト,d,1.0
デザイン,デザイン,その他デザイン技術,フロントエンドエンジニア,ソフトウェアエンジニア,d,1.0
デザイン,デザイン,その他デザイン技術,バックエンドエンジニア,ソフトウェアエンジニア,d,1.0
デザイン,デザイン,その他デザイン技術,クラウドエンジニア/SRE,ソフトウェアエンジニア,d,1.0
データ活用,データ・AIの戦略的活用,データ理解・活用,新規事業開発,ビジネスアーキテクト,a,5.0
データ活用,データ・AIの戦略的活用,データ理解・活用,既存事業の高度化,ビジネスアーキテクト,a,5.0
データ活用,データ・AIの戦略的活用,データ理解・活用,社内業務の高度化・効率化,ビジネスアーキテクト,a,5.0
データ活用,データ・AIの戦略的活用,データ理解・活用,サービスデザイナー,デザイナー,c,2.0
データ活用,データ・AIの戦略的活用,データ理解・活用,UX/UIデザイナー,デザイナー,d,1.0
データ活用,データ・AIの戦略的活用,データ理解・活用,データビジネス,データサイエンティスト,a,5.0
データ活用,データ・AIの戦略的活用,データ理解・活用,データアナリティクス,データサイエンティスト,b,3.0
データ活用,データ・AIの戦略的活用,データ理解・活用,データエンジニア,データサイエンティスト,b,3.0
データ活用,データ・AIの戦略的活用,データ理解・活用,フロントエンドエンジニア,ソフトウェアエンジニア,b,3.0
データ活用,データ・AIの戦略的活用,データ理解・活用,バックエンドエンジニア,ソフトウェアエンジニア,b,3.0
データ活用,データ・AIの戦略的活用,データ理解・活用,クラウドエンジニア/SRE,ソフトウェアエンジニア,b,3.0
データ活用,データ・AIの戦略的活用,データ・AI活用戦略,新規事業開発,ビジネスアーキテクト,b,3.0
データ活用,データ・AIの戦略的活用,データ・AI活用戦略,既存事業の高度化,ビジネスアーキテクト,a,5.0
データ活用,データ・AIの戦略的活用,データ・AI活用戦略,社内業務の高度化・効率化,ビジネスアーキテクト,a,5.0
データ活用,データ・AIの戦略的活用,データ・AI活用戦略,サービスデザイナー,デザイナー,c,2.0
データ活用,データ・AIの戦略的活用,データ・AI活用戦略,UX/UIデザイナー,デザイナー,d,1.0
データ活用,データ・AIの戦略的活用,データ・AI活用戦略,データビジネス,データサイエンティスト,a,5.0
データ活用,データ・AIの戦略的活用,データ・AI活用戦略,データアナリティクス,データサイエンティスト,c,2.0
データ活用,データ・AIの戦略的活用,データ・AI活用戦略,データエンジニア,データサイエンティスト,c,2.0
データ活用,データ・AIの戦略的活用,データ・AI活用戦略,フロントエンドエンジニア,ソフトウェアエンジニア,c,2.0
データ活用,データ・AIの戦略的活用,データ・AI活用戦略,バックエンドエンジニア,ソフトウェアエンジニア,c,2.0
データ活用,データ・AIの戦略的活用,データ・AI活用戦略,クラウドエンジニア/SRE,ソフトウェアエンジニア,c,2.0
データ活用,データ・AIの戦略的活用,データ・AI活用業務の設計・事業実装・評価,新規事業開発,ビジネスアーキテクト,c,2.0
データ活用,データ・AIの戦略的活用,データ・AI活用業務の設計・事業実装・評価,既存事業の高度化,ビジネスアーキテクト,c,2.0
データ活用,データ・AIの戦略的活用,データ・AI活用業務の設計・事業実装・評価,社内業務の高度化・効率化,ビジネスアーキテクト,b,3.0
データ活用,データ・AIの戦略的活用,データ・AI活用業務の設計・事業実装・評価,サービスデザイナー,デザイナー,c,2.0
データ活用,データ・AIの戦略的活用,データ・AI活用業務の設計・事業実装・評価,UX/UIデザイナー,デザイナー,d,1.0
データ活用,データ・AIの戦略的活用,データ・AI活用業務の設計・事業実装・評価,データビジネス,データサイエンティスト,a,5.0
データ活用,データ・AIの戦略的活用,データ・AI活用業務の設計・事業実装・評価,データアナリティクス,データサイエンティスト,b,3.0
データ活用,データ・AIの戦略的活用,データ・AI活用業務の設計・事業実装・評価,データエンジニア,データサイエンティスト,c,2.0
データ活用,データ・AIの戦略的活用,データ・AI活用業務の設計・事業実装・評価,フロントエンドエンジニア,ソフトウェアエンジニア,c,2.0
データ活用,データ・AIの戦略的活用,データ・AI活用業務の設計・事業実装・評価,バックエンドエンジニア,ソフトウェアエンジニア,c,2.0
データ活用,データ・AIの戦略的活用,データ・AI活用業務の設計・事業実装・評価,クラウドエンジニア/SRE,ソフトウェアエンジニア,c,2.0
データ活用,AI・データサイエンス,数理統計・多変量解析・データ可視化,新規事業開発,ビジネスアーキテクト,c,2.0
データ活用,AI・データサイエンス,数理統計・多変量解析・データ可視化,既存事業の高度化,ビジネスアーキテクト,c,2.0
データ活用,AI・データサイエンス,数理統計・多変量解析・データ可視化,社内業務の高度化・効率化,ビジネスアーキテクト,d,1.0
データ活用,AI・データサイエンス,数理統計・多変量解析・データ可視化,サービスデザイナー,デザイナー,d,1.0
データ活用,AI・データサイエンス,数理統計・多変量解析・データ可視化,UX/UIデザイナー,デザイナー,d,1.0
データ活用,AI・データサイエンス,数理統計・多変量解析・データ可視化,データビジネス,データサイエンティスト,c,2.0
データ活用,AI・データサイエンス,数理統計・多変量解析・データ可視化,データアナリティクス,データサイエンティスト,a,5.0
データ活用,AI・データサイエンス,数理統計・多変量解析・データ可視化,データエンジニア,データサイエンティスト,c,2.0
データ活用,AI・データサイエンス,数理統計・多変量解析・データ可視化,フロントエンドエンジニア,ソフトウェアエンジニア,c,2.0
データ活用,AI・データサイエンス,数理統計・多変量解析・データ可視化,バックエンドエンジニア,ソフトウェアエンジニア,c,2.0
データ活用,AI・データサイエンス,数理統計・多変量解析・データ可視化,クラウドエンジニア/SRE,ソフトウェアエンジニア,c,2.0
データ活用,AI・データサイエンス,機械学習・深層学習,新規事業開発,ビジネスアーキテクト,c,2.0
データ活用,AI・データサイエンス,機械学習・深層学習,既存事業の高度化,ビジネスアーキテクト,c,2.0
データ活用,AI・データサイエンス,機械学習・深層学習,社内業務の高度化・効率化,ビジネスアーキテクト,c,2.0
データ活用,AI・データサイエンス,機械学習・深層学習,サービスデザイナー,デザイナー,d,1.0
データ活用,AI・データサイエンス,機械学習・深層学習,UX/UIデザイナー,デザイナー,d,1.0
データ活用,AI・データサイエンス,機械学習・深層学習,データビジネス,データサイエンティスト,b,3.0
データ活用,AI・データサイエンス,機械学習・深層学習,データアナリティクス,データサイエンティスト,a,5.0
データ活用,AI・データサイエンス,機械学習・深層学習,データエンジニア,データサイエンティスト,c,2.0
データ活用,AI・データサイエンス,機械学習・深層学習,フロントエンドエンジニア,ソフトウェアエンジニア,c,2.0
データ活用,AI・データサイエンス,機械学習・深層学習,バックエンドエンジニア,ソフトウェアエンジニア,c,2.0
データ活用,AI・データサイエンス,機械学習・深層学習,クラウドエンジニア/SRE,ソフトウェアエンジニア,c,2.0
データ活用,データエンジニアリング,データ活用基盤設計,新規事業開発,ビジネスアーキテクト,c,2.0
データ活用,データエンジニアリング,データ活用基盤設計,既存事業の高度化,ビジネスアーキテクト,d,1.0
データ活用,データエンジニアリング,データ活用基盤設計,社内業務の高度化・効率化,ビジネスアーキテクト,c,2.0
データ活用,データエンジニアリング,データ活用基盤設計,サービスデザイナー,デザイナー,d,1.0
データ活用,データエンジニアリング,データ活用基盤設計,UX/UIデザイナー,デザイナー,d,1.0
データ活用,データエンジニアリング,データ活用基盤設計,データビジネス,データサイエンティスト,b,3.0
データ活用,データエンジニアリング,データ活用基盤設計,データアナリティクス,データサイエンティスト,c,2.0
データ活用,データエンジニアリング,データ活用基盤設計,データエンジニア,データサイエンティスト,a,5.0
データ活用,データエンジニアリング,データ活用基盤設計,フロントエンドエンジニア,ソフトウェアエンジニア,c,2.0
データ活用,データエンジニアリング,データ活用基盤設計,バックエンドエンジニア,ソフトウェアエンジニア,b,3.0
データ活用,データエンジニアリング,データ活用基盤設計,クラウドエンジニア/SRE,ソフトウェアエンジニア,b,3.0
データ活用,データエンジニアリング,データ活用基盤実装・運用,新規事業開発,ビジネスアーキテクト,c,2.0
データ活用,データエンジニアリング,データ活用基盤実装・運用,既存事業の高度化,ビジネスアーキテクト,c,2.0
データ活用,データエンジニアリング,データ活用基盤実装・運用,社内業務の高度化・効率化,ビジネスアーキテクト,c,2.0
データ活用,データエンジニアリング,データ活用基盤実装・運用,サービスデザイナー,デザイナー,d,1.0
データ活用,データエンジニアリング,データ活用基盤実装・運用,UX/UIデザイナー,デザイナー,d,1.0
データ活用,データエンジニアリング,データ活用基盤実装・運用,データビジネス,データサイエンティスト,b,3.0
データ活用,データエンジニアリング,データ活用基盤実装・運用,データアナリティクス,データサイエンティスト,c,2.0
データ活用,データエンジニアリング,データ活用基盤実装・運用,データエンジニア,データサイエンティスト,a,5.0
データ活用,データエンジニアリング,データ活用基盤実装・運用,フロントエンドエンジニア,ソフトウェアエンジニア,c,2.0
データ活用,データエンジニアリング,データ活用基盤実装・運用,バックエンドエンジニア,ソフトウェアエンジニア,b,3.0
データ活用,データエンジニアリング,データ活用基盤実装・運用,クラウドエンジニア/SRE,ソフトウェアエンジニア,b,3.0
テクノロジー,ソフトウェア開発,コンピュータサイエンス,新規事業開発,ビジネスアーキテクト,d,1.0
テクノロジー,ソフトウェア開発,コンピュータサイエンス,既存事業の高度化,ビジネスアーキテクト,d,1.0
テクノロジー,ソフトウェア開発,コンピュータサイエンス,社内業務の高度化・効率化,ビジネスアーキテクト,d,1.0
テクノロジー,ソフトウェア開発,コンピュータサイエンス,サービスデザイナー,デザイナー,d,1.0
テクノロジー,ソフトウェア開発,コンピュータサイエンス,UX/UIデザイナー,デザイナー,c,2.0
テクノロジー,ソフトウェア開発,コンピュータサイエンス,データビジネス,データサイエンティスト,d,1.0
テクノロジー,ソフトウェア開発,コンピュータサイエンス,データアナリティクス,データサイエンティスト,b,3.0
テクノロジー,ソフトウェア開発,コンピュータサイエンス,データエンジニア,データサイエンティスト,b,3.0
テクノロジー,ソフトウェア開発,コンピュータサイエンス,フロントエンドエンジニア,ソフトウェアエンジニア,a,5.0
テクノロジー,ソフトウェア開発,コンピュータサイエンス,バックエンドエンジニア,ソフトウェアエンジニア,a,5.0
テクノロジー,ソフトウェア開発,コンピュータサイエンス,クラウドエンジニア/SRE,ソフトウェアエンジニア,a,5.0
テクノロジー,ソフトウェア開発,チーム開発,新規事業開発,ビジネスアーキテクト,d,1.0
テクノロジー,ソフトウェア開発,チーム開発,既存事業の高度化,ビジネスアーキテクト,d,1.0
テクノロジー,ソフトウェア開発,チーム開発,社内業務の高度化・効率化,ビジネスアーキテクト,d,1.0
テクノロジー,ソフトウェア開発,チーム開発,サービスデザイナー,デザイナー,d,1.0
テクノロジー,ソフトウェア開発,チーム開発,UX/UIデザイナー,デザイナー,b,3.0
テクノロジー,ソフトウェア開発,チーム開発,データビジネス,データサイエンティスト,b,3.0
テクノロジー,ソフトウェア開発,チーム開発,データアナリティクス,データサイエンティスト,b,3.0
テクノロジー,ソフトウェア開発,チーム開発,データエンジニア,データサイエンティスト,b,3.0
テクノロジー,ソフトウェア開発,チーム開発,フロントエンドエンジニア,ソフトウェアエンジニア,a,5.0
テクノロジー,ソフトウェア開発,チーム開発,バックエンドエンジニア,ソフトウェアエンジニア,a,5.0
テクノロジー,ソフトウェア開発,チーム開発,クラウドエンジニア/SRE,ソフトウェアエンジニア,a,5.0
テクノロジー,ソフトウェア開発,ソフトウェア設計手法,新規事業開発,ビジネスアーキテクト,d,1.0
テクノロジー,ソフトウェア開発,ソフトウェア設計手法,既存事業の高度化,ビジネスアーキテクト,d,1.0
テクノロジー,ソフトウェア開発,ソフトウェア設計手法,社内業務の高度化・効率化,ビジネスアーキテクト,d,1.0
テクノロジー,ソフトウェア開発,ソフトウェア設計手法,サービスデザイナー,デザイナー,d,1.0
テクノロジー,ソフトウェア開発,ソフトウェア設計手法,UX/UIデザイナー,デザイナー,c,2.0
テクノロジー,ソフトウェア開発,ソフトウェア設計手法,データビジネス,データサイエンティスト,c,2.0
テクノロジー,ソフトウェア開発,ソフトウェア設計手法,データアナリティクス,データサイエンティスト,c,2.0
テクノロジー,ソフトウェア開発,ソフトウェア設計手法,データエンジニア,データサイエンティスト,b,3.0
テクノロジー,ソフトウェア開発,ソフトウェア設計手法,フロントエンドエンジニア,ソフトウェアエンジニア,a,5.0
テクノロジー,ソフトウェア開発,ソフトウェア設計手法,バックエンドエンジニア,ソフトウェアエンジニア,a,5.0
テクノロジー,ソフトウェア開発,ソフトウェア設計手法,クラウドエンジニア/SRE,ソフトウェアエンジニア,b,3.0
テクノロジー,ソフトウェア開発,ソフトウェア開発プロセス,新規事業開発,ビジネスアーキテクト,c,2.0
テクノロジー,ソフトウェア開発,ソフトウェア開発プロセス,既存事業の高度化,ビジネスアーキテクト,c,2.0
テクノロジー,ソフトウェア開発,ソフトウェア開発プロセス,社内業務の高度化・効率化,ビジネスアーキテクト,c,2.0
テクノロジー,ソフトウェア開発,ソフトウェア開発プロセス,サービスデザイナー,デザイナー,d,1.0
テクノロジー,ソフトウェア開発,ソフトウェア開発プロセス,UX/UIデザイナー,デザイナー,c,2.0
テクノロジー,ソフトウェア開発,ソフトウェア開発プロセス,データビジネス,データサイエンティスト,c,2.0
テクノロジー,ソフトウェア開発,ソフトウェア開発プロセス,データアナリティクス,データサイエンティスト,c,2.0
テクノロジー,ソフトウェア開発,ソフトウェア開発プロセス,データエンジニア,データサイエンティスト,b,3.0
テクノロジー,ソフトウェア開発,ソフトウェア開発プロセス,フロントエンドエンジニア,ソフトウェアエンジニア,a,5.0
テクノロジー,ソフトウェア開発,ソフトウェア開発プロセス,バックエンドエンジニア,ソフトウェアエンジニア,a,5.0
テクノロジー,ソフトウェア開発,ソフトウェア開発プロセス,クラウドエンジニア/SRE,ソフトウェアエンジニア,b,3.0
テクノロジー,ソフトウェア開発,Webアプリケーション基本技術,新規事業開発,ビジネスアーキテクト,d,1.0
テクノロジー,ソフトウェア開発,Webアプリケーション基本技術,既存事業の高度化,ビジネスアーキテクト,d,1.0
テクノロジー,ソフトウェア開発,Webアプリケーション基本技術,社内業務の高度化・効率化,ビジネスアーキテクト,d,1.0
テクノロジー,ソフトウェア開発,Webアプリケーション基本技術,サービスデザイナー,デザイナー,d,1.0
テクノロジー,ソフトウェア開発,Webアプリケーション基本技術,UX/UIデザイナー,デザイナー,c,2.0
テクノロジー,ソフトウェア開発,Webアプリケーション基本技術,データビジネス,データサイエンティスト,d,1.0
テクノロジー,ソフトウェア開発,Webアプリケーション基本技術,データアナリティクス,データサイエンティスト,d,1.0
テクノロジー,ソフトウェア開発,Webアプリケーション基本技術,データエンジニア,データサイエンティスト,c,2.0
テクノロジー,ソフトウェア開発,Webアプリケーション基本技術,フロントエンドエンジニア,ソフトウェアエンジニア,a,5.0
テクノロジー,ソフトウェア開発,Webアプリケーション基本技術,バックエンドエンジニア,ソフトウェアエンジニア,a,5.0
テクノロジー,ソフトウェア開発,Webアプリケーション基本技術,クラウドエンジニア/SRE,ソフトウェアエンジニア,b,3.0
テクノロジー,ソフトウェア開発,フロントエンドシステム開発,新規事業開発,ビジネスアーキテクト,d,1.0
テクノロジー,ソフトウェア開発,フロントエンドシステム開発,既存事業の高度化,ビジネスアーキテクト,d,1.0
テクノロジー,ソフトウェア開発,フロントエンドシステム開発,社内業務の高度化・効率化,ビジネスアーキテクト,d,1.0
テクノロジー,ソフトウェア開発,フロントエンドシステム開発,サービスデザイナー,デザイナー,d,1.0
テクノロジー,ソフトウェア開発,フロントエンドシステム開発,UX/UIデザイナー,デザイナー,c,2.0
テクノロジー,ソフトウェア開発,フロントエンドシステム開発,データビジネス,データサイエンティスト,d,1.0
テクノロジー,ソフトウェア開発,フロントエンドシステム開発,データアナリティクス,データサイエンティスト,d,1.0
テクノロジー,ソフトウェア開発,フロントエンドシステム開発,データエンジニア,データサイエンティスト,c,2.0
テクノロジー,ソフトウェア開発,フロントエンドシステム開発,フロントエンドエンジニア,ソフトウェアエンジニア,a,5.0
テクノロジー,ソフトウェア開発,フロントエンドシステム開発,バックエンドエンジニア,ソフトウェアエンジニア,b,3.0
テクノロジー,ソフトウェア開発,フロントエンドシステム開発,クラウドエンジニア/SRE,ソフトウェアエンジニア,b,3.0
テクノロジー,ソフトウェア開発,バックエンドシステム開発,新規事業開発,ビジネスアーキテクト,d,1.0
テクノロジー,ソフトウェア開発,バックエンドシステム開発,既存事業の高度化,ビジネスアーキテクト,d,1.0
テクノロジー,ソフトウェア開発,バックエンドシステム開発,社内業務の高度化・効率化,ビジネスアーキテクト,d,1.0
テクノロジー,ソフトウェア開発,バックエンドシステム開発,サービスデザイナー,デザイナー,d,1.0
テクノロジー,ソフトウェア開発,バックエンドシステム開発,UX/UIデザイナー,デザイナー,c,2.0
テクノロジー,ソフトウェア開発,バックエンドシステム開発,データビジネス,データサイエンティスト,d,1.0
テクノロジー,ソフトウェア開発,バックエンドシステム開発,データアナリティクス,データサイエンティスト,d,1.0
テクノロジー,ソフトウェア開発,バックエンドシステム開発,データエンジニア,データサイエンティスト,b,3.0
テクノロジー,ソフトウェア開発,バックエンドシステム開発,フロントエンドエンジニア,ソフトウェアエンジニア,b,3.0
テクノロジー,ソフトウェア開発,バックエンドシステム開発,バックエンドエンジニア,ソフトウェアエンジニア,a,5.0
テクノロジー,ソフトウェア開発,バックエンドシステム開発,クラウドエンジニア/SRE,ソフトウェアエンジニア,b,3.0
テクノロジー,ソフトウェア開発,クラウドインフラ活用,新規事業開発,ビジネスアーキテクト,d,1.0
テクノロジー,ソフトウェア開発,クラウドインフラ活用,既存事業の高度化,ビジネスアーキテクト,d,1.0
テクノロジー,ソフトウェア開発,クラウドインフラ活用,社内業務の高度化・効率化,ビジネスアーキテクト,d,1.0
テクノロジー,ソフトウェア開発,クラウドインフラ活用,サービスデザイナー,デザイナー,d,1.0
テクノロジー,ソフトウェア開発,クラウドインフラ活用,UX/UIデザイナー,デザイナー,c,2.0
テクノロジー,ソフトウェア開発,クラウドインフラ活用,データビジネス,データサイエンティスト,d,1.0
テクノロジー,ソフトウェア開発,クラウドインフラ活用,データアナリティクス,データサイエンティスト,d,1.0
テクノロジー,ソフトウェア開発,クラウドインフラ活用,データエンジニア,データサイエンティスト,b,3.0
テクノロジー,ソフトウェア開発,クラウドインフラ活用,フロントエンドエンジニア,ソフトウェアエンジニア,b,3.0
テクノロジー,ソフトウェア開発,クラウドインフラ活用,バックエンドエンジニア,ソフトウェアエンジニア,a,5.0
テクノロジー,ソフトウェア開発,クラウドインフラ活用,クラウドエンジニア/SRE,ソフトウェアエンジニア,a,5.0
テクノロジー,ソフトウェア開発,SREプロセス,新規事業開発,ビジネスアーキテクト,d,1.0
テクノロジー,ソフトウェア開発,SREプロセス,既存事業の高度化,ビジネスアーキテクト,d,1.0
テクノロジー,ソフトウェア開発,SREプロセス,社内業務の高度化・効率化,ビジネスアーキテクト,d,1.0
テクノロジー,ソフトウェア開発,SREプロセス,サービスデザイナー,デザイナー,d,1.0
テクノロジー,ソフトウェア開発,SREプロセス,UX/UIデザイナー,デザイナー,c,2.0
テクノロジー,ソフトウェア開発,SREプロセス,データビジネス,データサイエンティスト,c,2.0
テクノロジー,ソフトウェア開発,SREプロセス,データアナリティクス,データサイエンティスト,c,2.0
テクノロジー,ソフトウェア開発,SREプロセス,データエンジニア,データサイエンティスト,c,2.0
テクノロジー,ソフトウェア開発,SREプロセス,フロントエンドエンジニア,ソフトウェアエンジニア,b,3.0
テクノロジー,ソフトウェア開発,SREプロセス,バックエンドエンジニア,ソフトウェアエンジニア,b,3.0
テクノロジー,ソフトウェア開発,SREプロセス,クラウドエンジニア/SRE,ソフトウェアエンジニア,a,5.0
テクノロジー,ソフトウェア開発,サービス活用,新規事業開発,ビジネスアーキテクト,d,1.0
テクノロジー,ソフトウェア開発,サービス活用,既存事業の高度化,ビジネスアーキテクト,d,1.0
テクノロジー,ソフトウェア開発,サービス活用,社内業務の高度化・効率化,ビジネスアーキテクト,c,2.0
テクノロジー,ソフトウェア開発,サービス活用,サービスデザイナー,デザイナー,d,1.0
テクノロジー,ソフトウェア開発,サービス活用,UX/UIデザイナー,デザイナー,c,2.0
テクノロジー,ソフトウェア開発,サービス活用,データビジネス,データサイエンティスト,c,2.0
テクノロジー,ソフトウェア開発,サービス活用,データアナリティクス,データサイエンティスト,c,2.0
テクノロジー,ソフトウェア開発,サービス活用,データエンジニア,データサイエンティスト,b,3.0
テクノロジー,ソフトウェア開発,サービス活用,フロントエンドエンジニア,ソフトウェアエンジニア,c,2.0
テクノロジー,ソフトウェア開発,サービス活用,バックエンドエンジニア,ソフトウェアエンジニア,b,3.0
テクノロジー,ソフトウェア開発,サービス活用,クラウドエンジニア/SRE,ソフトウェアエンジニア,c,2.0
セキュリティ,セキュリティ技術,セキュア設計・開発・構築,新規事業開発,ビジネスアーキテクト,d,1.0
セキュリティ,セキュリティ技術,セキュア設計・開発・構築,既存事業の高度化,ビジネスアーキテクト,d,1.0
セキュリティ,セキュリティ技術,セキュア設計・開発・構築,社内業務の高度化・効率化,ビジネスアーキテクト,d,1.0
セキュリティ,セキュリティ技術,セキュア設計・開発・構築,サービスデザイナー,デザイナー,d,1.0
セキュリティ,セキュリティ技術,セキュア設計・開発・構築,UX/UIデザイナー,デザイナー,d,1.0
セキュリティ,セキュリティ技術,セキュア設計・開発・構築,データビジネス,データサイエンティスト,d,1.0
セキュリティ,セキュリティ技術,セキュア設計・開発・構築,データアナリティクス,データサイエンティスト,d,1.0
セキュリティ,セキュリティ技術,セキュア設計・開発・構築,データエンジニア,データサイエンティスト,b,3.0
セキュリティ,セキュリティ技術,セキュア設計・開発・構築,フロントエンドエンジニア,ソフトウェアエンジニア,b,3.0
セキュリティ,セキュリティ技術,セキュア設計・開発・構築,バックエンドエンジニア,ソフトウェアエンジニア,b,3.0
セキュリティ,セキュリティ技術,セキュア設計・開発・構築,クラウドエンジニア/SRE,ソフトウェアエンジニア,b,3.0
セキュリティ,セキュリティ技術,セキュリティ運用・保守・監視,新規事業開発,ビジネスアーキテクト,d,1.0
セキュリティ,セキュリティ技術,セキュリティ運用・保守・監視,既存事業の高度化,ビジネスアーキテクト,d,1.0
セキュリティ,セキュリティ技術,セキュリティ運用・保守・監視,社内業務の高度化・効率化,ビジネスアーキテクト,d,1.0
セキュリティ,セキュリティ技術,セキュリティ運用・保守・監視,サービスデザイナー,デザイナー,d,1.0
セキュリティ,セキュリティ技術,セキュリティ運用・保守・監視,UX/UIデザイナー,デザイナー,d,1.0
セキュリティ,セキュリティ技術,セキュリティ運用・保守・監視,データビジネス,データサイエンティスト,d,1.0
セキュリティ,セキュリティ技術,セキュリティ運用・保守・監視,データアナリティクス,データサイエンティスト,d,1.0
セキュリティ,セキュリティ技術,セキュリティ運用・保守・監視,データエンジニア,データサイエンティスト,c,2.0
セキュリティ,セキュリティ技術,セキュリティ運用・保守・監視,フロントエンドエンジニア,ソフトウェアエンジニア,c,2.0
セキュリティ,セキュリティ技術,セキュリティ運用・保守・監視,バックエンドエンジニア,ソフトウェアエンジニア,c,2.0
セキュリティ,セキュリティ技術,セキュリティ運用・保守・監視,クラウドエンジニア/SRE,ソフトウェアエンジニア,a,5.0
パーソナルスキル,ヒューマンスキル,リーダーシップ,新規事業開発,ビジネスアーキテクト,z,2.5
パーソナルスキル,ヒューマンスキル,リーダーシップ,既存事業の高度化,ビジネスアーキテクト,z,2.5
パーソナルスキル,ヒューマンスキル,リーダーシップ,社内業務の高度化・効率化,ビジネスアーキテクト,z,2.5
パーソナルスキル,ヒューマンスキル,リーダーシップ,サービスデザイナー,デザイナー,z,2.5
パーソナルスキル,ヒューマンスキル,リーダーシップ,UX/UIデザイナー,デザイナー,z,2.5
パーソナルスキル,ヒューマンスキル,リーダーシップ,データビジネス,データサイエンティスト,z,2.5
パーソナルスキル,ヒューマンスキル,リーダーシップ,データアナリティクス,データサイエンティスト,z,2.5
パーソナルスキル,ヒューマンスキル,リーダーシップ,データエンジニア,データサイエンティスト,z,2.5
パーソナルスキル,ヒューマンスキル,リーダーシップ,フロントエンドエンジニア,ソフトウェアエンジニア,z,2.5
パーソナルスキル,ヒューマンスキル,リーダーシップ,バックエンドエンジニア,ソフトウェアエンジニア,z,2.5
パーソナルスキル,ヒューマンスキル,リーダーシップ,クラウドエンジニア/SRE,ソフトウェアエンジニア,z,2.5
パーソナルスキル,ヒューマンスキル,コラボレーション,新規事業開発,ビジネスアーキテクト,z,2.5
パーソナルスキル,ヒューマンスキル,コラボレーション,既存事業の高度化,ビジネスアーキテクト,z,2.5
パーソナルスキル,ヒューマンスキル,コラボレーション,社内業務の高度化・効率化,ビジネスアーキテクト,z,2.5
パーソナルスキル,ヒューマンスキル,コラボレーション,サービスデザイナー,デザイナー,z,2.5
パーソナルスキル,ヒューマンスキル,コラボレーション,UX/UIデザイナー,デザイナー,z,2.5
パーソナルスキル,ヒューマンスキル,コラボレーション,データビジネス,データサイエンティスト,z,2.5
パーソナルスキル,ヒューマンスキル,コラボレーション,データアナリティクス,データサイエンティスト,z,2.5
パーソナルスキル,ヒューマンスキル,コラボレーション,データエンジニア,データサイエンティスト,z,2.5
パーソナルスキル,ヒューマンスキル,コラボレーション,フロントエンドエンジニア,ソフトウェアエンジニア,z,2.5
パーソナルスキル,ヒューマンスキル,コラボレーション,バックエンドエンジニア,ソフトウェアエンジニア,z,2.5
パーソナルスキル,ヒューマンスキル,コラボレーション,クラウドエンジニア/SRE,ソフトウェアエンジニア,z,2.5
パーソナルスキル,コンセプチュアルスキル,ゴール設定,新規事業開発,ビジネスアーキテクト,z,2.5
パーソナルスキル,コンセプチュアルスキル,ゴール設定,既存事業の高度化,ビジネスアーキテクト,z,2.5
パーソナルスキル,コンセプチュアルスキル,ゴール設定,社内業務の高度化・効率化,ビジネスアーキテクト,z,2.5
パーソナルスキル,コンセプチュアルスキル,ゴール設定,サービスデザイナー,デザイナー,z,2.5
パーソナルスキル,コンセプチュアルスキル,ゴール設定,UX/UIデザイナー,デザイナー,z,2.5
パーソナルスキル,コンセプチュアルスキル,ゴール設定,データビジネス,データサイエンティスト,z,2.5
パーソナルスキル,コンセプチュアルスキル,ゴール設定,データアナリティクス,データサイエンティスト,z,2.5
パーソナルスキル,コンセプチュアルスキル,ゴール設定,データエンジニア,データサイエンティスト,z,2.5
パーソナルスキル,コンセプチュアルスキル,ゴール設定,フロントエンドエンジニア,ソフトウェアエンジニア,z,2.5
パーソナルスキル,コンセプチュアルスキル,ゴール設定,バックエンドエンジニア,ソフトウェアエンジニア,z,2.5
パーソナルスキル,コンセプチュアルスキル,ゴール設定,クラウドエンジニア/SRE,ソフトウェアエンジニア,z,2.5
パーソナルスキル,コンセプチュアルスキル,創造的な問題解決,新規事業開発,ビジネスアーキテクト,z,2.5
パーソナルスキル,コンセプチュアルスキル,創造的な問題解決,既存事業の高度化,ビジネスアーキテクト,z,2.5
パーソナルスキル,コンセプチュアルスキル,創造的な問題解決,社内業務の高度化・効率化,ビジネスアーキテクト,z,2.5
パーソナルスキル,コンセプチュアルスキル,創造的な問題解決,サービスデザイナー,デザイナー,z,2.5
パーソナルスキル,コンセプチュアルスキル,創造的な問題解決,UX/UIデザイナー,デザイナー,z,2.5
パーソナルスキル,コンセプチュアルスキル,創造的な問題解決,データビジネス,データサイエンティスト,z,2.5
パーソナルスキル,コンセプチュアルスキル,創造的な問題解決,データアナリティクス,データサイエンティスト,z,2.5
パーソナルスキル,コンセプチュアルスキル,創造的な問題解決,データエンジニア,データサイエンティスト,z,2.5
パーソナルスキル,コンセプチュアルスキル,創造的な問題解決,フロントエンドエンジニア,ソフトウェアエンジニア,z,2.5
パーソナルスキル,コンセプチュアルスキル,創造的な問題解決,バックエンドエンジニア,ソフトウェアエンジニア,z,2.5
パーソナルスキル,コンセプチュアルスキル,創造的な問題解決,クラウドエンジニア/SRE,ソフトウェアエンジニア,z,2.5
パーソナルスキル,コンセプチュアルスキル,批判的思考,新規事業開発,ビジネスアーキテクト,z,2.5
パーソナルスキル,コンセプチュアルスキル,批判的思考,既存事業の高度化,ビジネスアーキテクト,z,2.5
パーソナルスキル,コンセプチュアルスキル,批判的思考,社内業務の高度化・効率化,ビジネスアーキテクト,z,2.5
パーソナルスキル,コンセプチュアルスキル,批判的思考,サービスデザイナー,デザイナー,z,2.5
パーソナルスキル,コンセプチュアルスキル,批判的思考,UX/UIデザイナー,デザイナー,z,2.5
パーソナルスキル,コンセプチュアルスキル,批判的思考,データビジネス,データサイエンティスト,z,2.5
パーソナルスキル,コンセプチュアルスキル,批判的思考,データアナリティクス,データサイエンティスト,z,2.5
パーソナルスキル,コンセプチュアルスキル,批判的思考,データエンジニア,データサイエンティスト,z,2.5
パーソナルスキル,コンセプチュアルスキル,批判的思考,フロントエンドエンジニア,ソフトウェアエンジニア,z,2.5
パーソナルスキル,コンセプチュアルスキル,批判的思考,バックエンドエンジニア,ソフトウェアエンジニア,z,2.5
パーソナルスキル,コンセプチュアルスキル,批判的思考,クラウドエンジニア/SRE,ソフトウェアエンジニア,z,2.5
パーソナルスキル,コンセプチュアルスキル,適応力,新規事業開発,ビジネスアーキテクト,z,2.5
パーソナルスキル,コンセプチュアルスキル,適応力,既存事業の高度化,ビジネスアーキテクト,z,2.5
パーソナルスキル,コンセプチュアルスキル,適応力,社内業務の高度化・効率化,ビジネスアーキテクト,z,2.5
パーソナルスキル,コンセプチュアルスキル,適応力,サービスデザイナー,デザイナー,z,2.5
パーソナルスキル,コンセプチュアルスキル,適応力,UX/UIデザイナー,デザイナー,z,2.5
パーソナルスキル,コンセプチュアルスキル,適応力,データビジネス,データサイエンティスト,z,2.5
パーソナルスキル,コンセプチュアルスキル,適応力,データアナリティクス,データサイエンティスト,z,2.5
パーソナルスキル,コンセプチュアルスキル,適応力,データエンジニア,データサイエンティスト,z,2.5
パーソナルスキル,コンセプチュアルスキル,適応力,フロントエンドエンジニア,ソフトウェアエンジニア,z,2.5
パーソナルスキル,コンセプチュアルスキル,適応力,バックエンドエンジニア,ソフトウェアエンジニア,z,2.5
パーソナルスキル,コンセプチュアルスキル,適応力,クラウドエンジニア/SRE,ソフトウェアエンジニア,z,2.5
