project_id,project_name,category,strategic_alignment,risk,urgency,importance,budget,duration,roi,start_date,department,stakeholders,system_database_access,technology_stack,middleware_library,vendor_partner,skill_set,procurement_contract,master_data,end_user,launch_timing,regulatory_deadline,complexity,source_industry,source_file
PA2732F4F,Cost Reduction Project 001,Cost_Reduction,3,3,3,3,50,13,150,2025-09-03,Strategy,9,顧客管理システム,AWS/Azure クラウド,Apache/Nginx,Microsoft,データサイエンティスト,保守契約,勘定科目マスタ,営業部門,年度始稼働,会計基準変更,Low,Technology,sample_projects_technology.csv
PD29D3DA3,Cost Reduction Project 002,Cost_Reduction,4,2,4,4,16,14,169,2026-02-22,R&D,7,基幹業務システム,REST API,Kafka/RabbitMQ,IBM,Java 開発者,コンサルティング,顧客マスタ,製造部門,同四半期稼働,国際基準対応,Low,Technology,sample_projects_technology.csv
PFF5F39A3,Process Improvement Project 003,Process_Improvement,4,2,4,2,116,5,169,2025-12-18,Quality Assurance,12,データウェアハウス,React/Angular,Redis/Memcached,地場SI会社,Java 開発者,ハードウェア調達,なし,経理部門,同四半期稼働,個人情報保護法,Low,Technology,sample_projects_technology.csv
P7D5D7017,Digital Transformation Project 004,Digital_Transformation,5,4,3,5,266,23,273,2025-11-05,Quality Assurance,7,なし,なし,なし,IBM,プロジェクトマネージャー,なし,製品マスタ,経営層,なし,会計基準変更,Medium,Technology,sample_projects_technology.csv
P46DB6B30,Digital Transformation Project 005,Digital_Transformation,5,4,4,4,432,36,174,2025-11-15,IT,15,データウェアハウス,Java/.NET,Kafka/RabbitMQ,IBM,データサイエンティスト,保守契約,なし,製造部門,連続月稼働,なし,High,Technology,sample_projects_technology.csv
PA42DF3B4,Innovation Project 006,Innovation,5,5,1,4,101,13,438,2025-12-02,Supply Chain,12,認証システム,React/Angular,Docker/Kubernetes,Oracle,データサイエンティスト,ソフトウェアライセンス,勘定科目マスタ,カスタマーサポート,同月稼働,個人情報保護法,Medium,Technology,sample_projects_technology.csv
P13DF9F77,IT Infrastructure Project 007,IT_Infrastructure,5,2,5,4,355,8,167,2026-02-01,Strategy,10,ファイルサーバー,BI ツール,共通ライブラリ,なし,Java 開発者,なし,なし,営業部門,なし,国際基準対応,Low,Technology,sample_projects_technology.csv
P334A571C,Process Improvement Project 008,Process_Improvement,2,2,3,2,136,3,120,2026-04-03,Operations,11,顧客管理システム,なし,Kafka/RabbitMQ,なし,業務アナリスト,保守契約,勘定科目マスタ,経理部門,連続月稼働,税制改正,Low,Technology,sample_projects_technology.csv
PAB23F514,Digital Transformation Project 009,Digital_Transformation,4,5,3,5,119,15,275,2025-12-25,Finance,3,基幹業務システム,React/Angular,Apache/Nginx,IBM,業務アナリスト,コンサルティング,顧客マスタ,経営層,連続月稼働,会計基準変更,Low,Technology,sample_projects_technology.csv
PF36BB904,Cost Reduction Project 010,Cost_Reduction,5,2,4,4,69,10,183,2025-12-27,Sales,13,なし,BI ツール,Docker/Kubernetes,Salesforce,UI/UX デザイナー,ハードウェア調達,製品マスタ,経理部門,同月稼働,税制改正,Low,Technology,sample_projects_technology.csv
PDD67DB93,IT Infrastructure Project 011,IT_Infrastructure,5,2,3,3,412,7,141,2025-08-24,IT,8,顧客管理システム,React/Angular,Redis/Memcached,Oracle,業務アナリスト,コンサルティング,製品マスタ,経営層,連続月稼働,なし,Low,Technology,sample_projects_technology.csv
PFDA3451E,Compliance Project 012,Compliance,3,2,5,4,64,4,110,2026-01-18,Sales,9,認証システム,なし,Apache/Nginx,地場SI会社,業務アナリスト,なし,顧客マスタ,営業部門,年度末稼働,なし,Low,Technology,sample_projects_technology.csv
PFEB8D104,Process Improvement Project 013,Process_Improvement,2,1,2,4,134,7,148,2025-10-22,HR,10,基幹業務システム,AWS/Azure クラウド,Docker/Kubernetes,なし,なし,保守契約,顧客マスタ,営業部門,なし,国際基準対応,Low,Technology,sample_projects_technology.csv
P89E20637,IT Infrastructure Project 014,IT_Infrastructure,3,2,4,4,296,12,247,2026-02-11,IT,5,認証システム,AWS/Azure クラウド,Docker/Kubernetes,Oracle,なし,コンサルティング,組織マスタ,カスタマーサポート,なし,なし,Low,Technology,sample_projects_technology.csv
PC5479B0B,Compliance Project 015,Compliance,3,1,5,4,54,12,128,2025-08-21,Supply Chain,8,顧客管理システム,AWS/Azure クラウド,共通ライブラリ,SAP,プロジェクトマネージャー,保守契約,製品マスタ,営業部門,年度始稼働,個人情報保護法,Low,Technology,sample_projects_technology.csv
P6292AF19,Digital Transformation Project 016,Digital_Transformation,4,5,2,5,222,30,237,2025-08-10,Strategy,4,認証システム,なし,共通ライブラリ,Salesforce,プロジェクトマネージャー,クラウドサービス,組織マスタ,経理部門,なし,なし,Medium,Technology,sample_projects_technology.csv
P7A887396,Process Improvement Project 017,Process_Improvement,3,2,2,4,185,12,153,2025-12-29,Marketing,3,認証システム,React/Angular,共通ライブラリ,IBM,Java 開発者,保守契約,製品マスタ,経営層,同四半期稼働,会計基準変更,Low,Technology,sample_projects_technology.csv
P8CB5715E,Process Improvement Project 018,Process_Improvement,2,2,3,2,132,12,179,2026-04-17,IT,13,ファイルサーバー,BI ツール,なし,IBM,データサイエンティスト,クラウドサービス,顧客マスタ,営業部門,なし,国際基準対応,Low,Technology,sample_projects_technology.csv
P4B363E11,Digital Transformation Project 019,Digital_Transformation,5,5,2,5,308,33,366,2025-12-03,Legal,10,データウェアハウス,AWS/Azure クラウド,Apache/Nginx,地場SI会社,UI/UX デザイナー,クラウドサービス,顧客マスタ,営業部門,同四半期稼働,会計基準変更,Medium,Technology,sample_projects_technology.csv
P404D02F3,Cost Reduction Project 020,Cost_Reduction,3,3,4,3,43,3,166,2025-08-08,R&D,12,ファイルサーバー,REST API,Docker/Kubernetes,Microsoft,Java 開発者,クラウドサービス,組織マスタ,営業部門,同四半期稼働,会計基準変更,Low,Technology,sample_projects_technology.csv
PE126B35F,Cost Reduction Project 021,Cost_Reduction,5,2,4,4,54,5,170,2025-10-19,Sales,3,基幹業務システム,なし,Kafka/RabbitMQ,なし,UI/UX デザイナー,なし,なし,経理部門,同四半期稼働,会計基準変更,Low,Technology,sample_projects_technology.csv
PCF7EDAEC,Cost Reduction Project 022,Cost_Reduction,4,2,4,3,66,15,269,2026-01-16,HR,15,基幹業務システム,REST API,Apache/Nginx,地場SI会社,データサイエンティスト,コンサルティング,組織マスタ,製造部門,同月稼働,税制改正,Low,Technology,sample_projects_technology.csv
PF75A7C31,Process Improvement Project 023,Process_Improvement,3,3,4,3,27,6,120,2025-10-20,Strategy,7,顧客管理システム,AWS/Azure クラウド,共通ライブラリ,SAP,インフラエンジニア,なし,組織マスタ,カスタマーサポート,年度始稼働,国際基準対応,Low,Technology,sample_projects_technology.csv
P11DE44B0,IT Infrastructure Project 024,IT_Infrastructure,5,2,4,3,412,19,104,2026-04-13,Legal,13,なし,なし,なし,地場SI会社,データサイエンティスト,クラウドサービス,取引先マスタ,営業部門,なし,税制改正,Medium,Technology,sample_projects_technology.csv
PC52CF02C,Compliance Project 025,Compliance,3,2,5,5,123,9,87,2025-09-24,Finance,9,なし,Java/.NET,なし,地場SI会社,データサイエンティスト,保守契約,勘定科目マスタ,製造部門,年度末稼働,国際基準対応,Low,Technology,sample_projects_technology.csv
P6B0DB76A,IT Infrastructure Project 026,IT_Infrastructure,4,2,4,5,360,16,180,2026-03-04,Customer Service,13,基幹業務システム,React/Angular,Docker/Kubernetes,なし,なし,なし,製品マスタ,なし,同月稼働,税制改正,Low,Technology,sample_projects_technology.csv
P73E768F4,Compliance Project 027,Compliance,3,1,5,4,246,6,62,2025-08-02,IT,6,認証システム,React/Angular,Apache/Nginx,SAP,UI/UX デザイナー,なし,勘定科目マスタ,経理部門,なし,なし,Low,Technology,sample_projects_technology.csv
P6C4CD3D4,Innovation Project 028,Innovation,4,4,1,5,32,30,135,2026-02-23,Finance,5,なし,React/Angular,Docker/Kubernetes,IBM,プロジェクトマネージャー,ソフトウェアライセンス,顧客マスタ,カスタマーサポート,連続月稼働,業界規制,Medium,Technology,sample_projects_technology.csv
PEA6922FB,Cost Reduction Project 029,Cost_Reduction,5,3,4,4,129,4,274,2026-03-08,HR,15,基幹業務システム,なし,Kafka/RabbitMQ,なし,なし,保守契約,取引先マスタ,なし,連続月稼働,税制改正,Low,Technology,sample_projects_technology.csv
PCD9F74CB,Innovation Project 030,Innovation,5,5,1,4,201,16,423,2025-08-31,Operations,5,基幹業務システム,Java/.NET,なし,Microsoft,業務アナリスト,ソフトウェアライセンス,顧客マスタ,カスタマーサポート,年度末稼働,税制改正,Medium,Technology,sample_projects_technology.csv
P97C1F19B,Compliance Project 031,Compliance,4,1,4,5,139,12,41,2026-01-31,Customer Service,3,データウェアハウス,BI ツール,Docker/Kubernetes,なし,なし,コンサルティング,勘定科目マスタ,なし,なし,国際基準対応,Low,Technology,sample_projects_technology.csv
P1A7BFD0F,Compliance Project 032,Compliance,4,1,5,5,164,3,102,2026-01-09,Quality Assurance,13,認証システム,なし,Redis/Memcached,なし,UI/UX デザイナー,ソフトウェアライセンス,勘定科目マスタ,経営層,同月稼働,業界規制,Low,Technology,sample_projects_technology.csv
P1F1A4F39,Compliance Project 033,Compliance,3,2,4,5,86,3,81,2026-01-31,R&D,6,認証システム,BI ツール,Kafka/RabbitMQ,なし,UI/UX デザイナー,クラウドサービス,取引先マスタ,製造部門,同月稼働,業界規制,Low,Technology,sample_projects_technology.csv
P7B876BDF,IT Infrastructure Project 034,IT_Infrastructure,3,3,3,5,85,7,228,2025-08-05,Finance,6,顧客管理システム,React/Angular,Redis/Memcached,Microsoft,データサイエンティスト,コンサルティング,なし,営業部門,年度始稼働,会計基準変更,Low,Technology,sample_projects_technology.csv
P5E4D8F2A,Innovation Project 035,Innovation,4,4,3,5,88,30,172,2025-12-27,Marketing,12,顧客管理システム,BI ツール,共通ライブラリ,地場SI会社,UI/UX デザイナー,コンサルティング,なし,経理部門,同月稼働,国際基準対応,Medium,Technology,sample_projects_technology.csv
P57E72D24,Cost Reduction Project 036,Cost_Reduction,3,3,3,3,103,10,258,2026-01-26,Marketing,11,なし,BI ツール,Apache/Nginx,なし,UI/UX デザイナー,コンサルティング,顧客マスタ,カスタマーサポート,同四半期稼働,なし,Low,Technology,sample_projects_technology.csv
PD8CEA032,Innovation Project 037,Innovation,4,4,3,5,168,25,422,2026-03-25,Customer Service,9,なし,React/Angular,Kafka/RabbitMQ,Oracle,なし,ソフトウェアライセンス,顧客マスタ,製造部門,年度末稼働,会計基準変更,Medium,Technology,sample_projects_technology.csv
P2A70C04D,Innovation Project 038,Innovation,4,4,2,4,123,21,205,2026-01-18,HR,8,データウェアハウス,React/Angular,なし,Oracle,プロジェクトマネージャー,ハードウェア調達,勘定科目マスタ,経理部門,同月稼働,会計基準変更,Medium,Technology,sample_projects_technology.csv
P63396231,Cost Reduction Project 039,Cost_Reduction,4,2,4,4,129,14,122,2025-09-06,HR,6,認証システム,なし,Redis/Memcached,Oracle,業務アナリスト,保守契約,組織マスタ,カスタマーサポート,年度始稼働,国際基準対応,Low,Technology,sample_projects_technology.csv
PE6C8D74E,Process Improvement Project 040,Process_Improvement,4,3,3,3,199,17,122,2025-12-24,HR,6,顧客管理システム,なし,Redis/Memcached,Oracle,Java 開発者,なし,勘定科目マスタ,なし,連続月稼働,会計基準変更,Low,Technology,sample_projects_technology.csv
P06A8A56F,Digital Transformation Project 041,Digital_Transformation,5,5,4,5,202,18,253,2025-11-14,R&D,5,データウェアハウス,AWS/Azure クラウド,なし,Salesforce,データサイエンティスト,クラウドサービス,顧客マスタ,営業部門,年度始稼働,税制改正,Medium,Technology,sample_projects_technology.csv
PE6EB38AF,Cost Reduction Project 042,Cost_Reduction,5,3,3,3,87,9,275,2026-03-03,R&D,5,顧客管理システム,BI ツール,Docker/Kubernetes,IBM,なし,ハードウェア調達,取引先マスタ,カスタマーサポート,同月稼働,国際基準対応,Low,Technology,sample_projects_technology.csv
PA77856F1,Cost Reduction Project 043,Cost_Reduction,3,2,4,3,78,3,301,2026-02-19,Strategy,12,ファイルサーバー,REST API,共通ライブラリ,SAP,UI/UX デザイナー,コンサルティング,組織マスタ,経営層,年度末稼働,税制改正,Low,Technology,sample_projects_technology.csv
PCFA60FF9,Compliance Project 044,Compliance,3,1,4,5,209,4,65,2025-11-20,Operations,11,顧客管理システム,REST API,Apache/Nginx,SAP,UI/UX デザイナー,なし,勘定科目マスタ,カスタマーサポート,同四半期稼働,個人情報保護法,Low,Technology,sample_projects_technology.csv
PDD72C39C,Digital Transformation Project 045,Digital_Transformation,5,5,3,4,339,20,364,2025-10-30,Sales,4,ファイルサーバー,REST API,なし,Microsoft,インフラエンジニア,ソフトウェアライセンス,顧客マスタ,営業部門,連続月稼働,税制改正,Medium,Technology,sample_projects_technology.csv
PED7D58E7,Compliance Project 046,Compliance,4,1,5,5,219,9,83,2026-04-03,Legal,10,認証システム,AWS/Azure クラウド,共通ライブラリ,IBM,UI/UX デザイナー,なし,組織マスタ,経営層,同四半期稼働,個人情報保護法,Low,Technology,sample_projects_technology.csv
P1AB5AD99,IT Infrastructure Project 047,IT_Infrastructure,5,4,5,3,441,14,198,2025-08-10,Operations,10,ファイルサーバー,なし,Docker/Kubernetes,Oracle,データサイエンティスト,保守契約,取引先マスタ,なし,年度末稼働,個人情報保護法,Medium,Technology,sample_projects_technology.csv
PE304D647,Innovation Project 048,Innovation,4,5,2,5,83,11,283,2026-02-16,Supply Chain,10,データウェアハウス,なし,Docker/Kubernetes,なし,なし,保守契約,顧客マスタ,カスタマーサポート,同月稼働,税制改正,Medium,Technology,sample_projects_technology.csv
PCCC20165,Process Improvement Project 049,Process_Improvement,2,2,4,2,188,17,145,2025-08-17,Finance,11,データウェアハウス,React/Angular,Docker/Kubernetes,地場SI会社,UI/UX デザイナー,ハードウェア調達,製品マスタ,製造部門,年度始稼働,会計基準変更,Low,Technology,sample_projects_technology.csv
PB1270DC1,Process Improvement Project 050,Process_Improvement,4,2,2,2,181,10,195,2025-10-10,HR,11,顧客管理システム,React/Angular,Docker/Kubernetes,IBM,データサイエンティスト,ハードウェア調達,取引先マスタ,営業部門,なし,会計基準変更,Low,Technology,sample_projects_technology.csv
P937D2FA3,Cost Reduction Project 001,Cost_Reduction,3,3,3,3,50,13,139,2025-09-03,Strategy,9,顧客管理システム,AWS/Azure クラウド,Apache/Nginx,Microsoft,データサイエンティスト,保守契約,勘定科目マスタ,営業部門,年度始稼働,会計基準変更,Low,Retail,sample_projects_retail.csv
PD32E2F8E,Cost Reduction Project 002,Cost_Reduction,4,2,4,4,16,14,156,2026-02-22,R&D,7,基幹業務システム,REST API,Kafka/RabbitMQ,IBM,Java 開発者,コンサルティング,顧客マスタ,製造部門,同四半期稼働,国際基準対応,Low,Retail,sample_projects_retail.csv
P6388B76C,Process Improvement Project 003,Process_Improvement,4,2,4,2,116,5,156,2025-12-18,Quality Assurance,12,データウェアハウス,React/Angular,Redis/Memcached,地場SI会社,Java 開発者,ハードウェア調達,なし,経理部門,同四半期稼働,個人情報保護法,Low,Retail,sample_projects_retail.csv
P1C1F1F4D,Digital Transformation Project 004,Digital_Transformation,5,4,3,5,266,23,252,2025-11-05,Quality Assurance,7,なし,なし,なし,IBM,プロジェクトマネージャー,なし,製品マスタ,経営層,なし,会計基準変更,Medium,Retail,sample_projects_retail.csv
P7492EEC3,Digital Transformation Project 005,Digital_Transformation,5,4,4,4,432,36,160,2025-11-15,IT,15,データウェアハウス,Java/.NET,Kafka/RabbitMQ,IBM,データサイエンティスト,保守契約,なし,製造部門,連続月稼働,なし,High,Retail,sample_projects_retail.csv
P375915B5,Innovation Project 006,Innovation,5,5,1,4,101,13,404,2025-12-02,Supply Chain,12,認証システム,React/Angular,Docker/Kubernetes,Oracle,データサイエンティスト,ソフトウェアライセンス,勘定科目マスタ,カスタマーサポート,同月稼働,個人情報保護法,Medium,Retail,sample_projects_retail.csv
P27D7E851,IT Infrastructure Project 007,IT_Infrastructure,5,2,5,4,355,8,154,2026-02-01,Strategy,10,ファイルサーバー,BI ツール,共通ライブラリ,なし,Java 開発者,なし,なし,営業部門,なし,国際基準対応,Low,Retail,sample_projects_retail.csv
P4BF07B51,Process Improvement Project 008,Process_Improvement,2,2,3,2,136,3,111,2026-04-03,Operations,11,顧客管理システム,なし,Kafka/RabbitMQ,なし,業務アナリスト,保守契約,勘定科目マスタ,経理部門,連続月稼働,税制改正,Low,Retail,sample_projects_retail.csv
P580D5DBC,Digital Transformation Project 009,Digital_Transformation,4,5,3,5,119,15,254,2025-12-25,Finance,3,基幹業務システム,React/Angular,Apache/Nginx,IBM,業務アナリスト,コンサルティング,顧客マスタ,経営層,連続月稼働,会計基準変更,Low,Retail,sample_projects_retail.csv
P1C093F08,Cost Reduction Project 010,Cost_Reduction,5,2,4,4,69,10,169,2025-12-27,Sales,13,なし,BI ツール,Docker/Kubernetes,Salesforce,UI/UX デザイナー,ハードウェア調達,製品マスタ,経理部門,同月稼働,税制改正,Low,Retail,sample_projects_retail.csv
P4F15105E,IT Infrastructure Project 011,IT_Infrastructure,5,2,3,3,412,7,130,2025-08-24,IT,8,顧客管理システム,React/Angular,Redis/Memcached,Oracle,業務アナリスト,コンサルティング,製品マスタ,経営層,連続月稼働,なし,Low,Retail,sample_projects_retail.csv
P0BDA5483,Compliance Project 012,Compliance,3,2,5,4,64,4,102,2026-01-18,Sales,9,認証システム,なし,Apache/Nginx,地場SI会社,業務アナリスト,なし,顧客マスタ,営業部門,年度末稼働,なし,Low,Retail,sample_projects_retail.csv
PDC9F38F5,Process Improvement Project 013,Process_Improvement,2,1,2,4,134,7,136,2025-10-22,HR,10,基幹業務システム,AWS/Azure クラウド,Docker/Kubernetes,なし,なし,保守契約,顧客マスタ,営業部門,なし,国際基準対応,Low,Retail,sample_projects_retail.csv
P7BF14109,IT Infrastructure Project 014,IT_Infrastructure,3,2,4,4,296,12,228,2026-02-11,IT,5,認証システム,AWS/Azure クラウド,Docker/Kubernetes,Oracle,なし,コンサルティング,組織マスタ,カスタマーサポート,なし,なし,Low,Retail,sample_projects_retail.csv
P50A90B7F,Compliance Project 015,Compliance,3,1,5,4,54,12,118,2025-08-21,Supply Chain,8,顧客管理システム,AWS/Azure クラウド,共通ライブラリ,SAP,プロジェクトマネージャー,保守契約,製品マスタ,営業部門,年度始稼働,個人情報保護法,Low,Retail,sample_projects_retail.csv
PAD5E31A8,Digital Transformation Project 016,Digital_Transformation,4,5,2,5,222,30,219,2025-08-10,Strategy,4,認証システム,なし,共通ライブラリ,Salesforce,プロジェクトマネージャー,クラウドサービス,組織マスタ,経理部門,なし,なし,Medium,Retail,sample_projects_retail.csv
P44BF3671,Process Improvement Project 017,Process_Improvement,3,2,2,4,185,12,141,2025-12-29,Marketing,3,認証システム,React/Angular,共通ライブラリ,IBM,Java 開発者,保守契約,製品マスタ,経営層,同四半期稼働,会計基準変更,Low,Retail,sample_projects_retail.csv
P60032341,Process Improvement Project 018,Process_Improvement,2,2,3,2,132,12,165,2026-04-17,IT,13,ファイルサーバー,BI ツール,なし,IBM,データサイエンティスト,クラウドサービス,顧客マスタ,営業部門,なし,国際基準対応,Low,Retail,sample_projects_retail.csv
P5D895D2A,Digital Transformation Project 019,Digital_Transformation,5,5,2,5,308,33,338,2025-12-03,Legal,10,データウェアハウス,AWS/Azure クラウド,Apache/Nginx,地場SI会社,UI/UX デザイナー,クラウドサービス,顧客マスタ,営業部門,同四半期稼働,会計基準変更,Medium,Retail,sample_projects_retail.csv
P836916E3,Cost Reduction Project 020,Cost_Reduction,3,3,4,3,43,3,153,2025-08-08,R&D,12,ファイルサーバー,REST API,Docker/Kubernetes,Microsoft,Java 開発者,クラウドサービス,組織マスタ,営業部門,同四半期稼働,会計基準変更,Low,Retail,sample_projects_retail.csv
P78EE3330,Cost Reduction Project 021,Cost_Reduction,5,2,4,4,54,5,157,2025-10-19,Sales,3,基幹業務システム,なし,Kafka/RabbitMQ,なし,UI/UX デザイナー,なし,なし,経理部門,同四半期稼働,会計基準変更,Low,Retail,sample_projects_retail.csv
PE56E32E5,Cost Reduction Project 022,Cost_Reduction,4,2,4,3,66,15,248,2026-01-16,HR,15,基幹業務システム,REST API,Apache/Nginx,地場SI会社,データサイエンティスト,コンサルティング,組織マスタ,製造部門,同月稼働,税制改正,Low,Retail,sample_projects_retail.csv
P77A0126C,Process Improvement Project 023,Process_Improvement,3,3,4,3,27,6,111,2025-10-20,Strategy,7,顧客管理システム,AWS/Azure クラウド,共通ライブラリ,SAP,インフラエンジニア,なし,組織マスタ,カスタマーサポート,年度始稼働,国際基準対応,Low,Retail,sample_projects_retail.csv
PB0A42852,IT Infrastructure Project 024,IT_Infrastructure,5,2,4,3,412,19,96,2026-04-13,Legal,13,なし,なし,なし,地場SI会社,データサイエンティスト,クラウドサービス,取引先マスタ,営業部門,なし,税制改正,Medium,Retail,sample_projects_retail.csv
P0604F081,Compliance Project 025,Compliance,3,2,5,5,123,9,80,2025-09-24,Finance,9,なし,Java/.NET,なし,地場SI会社,データサイエンティスト,保守契約,勘定科目マスタ,製造部門,年度末稼働,国際基準対応,Low,Retail,sample_projects_retail.csv
P35967427,IT Infrastructure Project 026,IT_Infrastructure,4,2,4,5,360,16,166,2026-03-04,Customer Service,13,基幹業務システム,React/Angular,Docker/Kubernetes,なし,なし,なし,製品マスタ,なし,同月稼働,税制改正,Low,Retail,sample_projects_retail.csv
P061AC53E,Compliance Project 027,Compliance,3,1,5,4,246,6,57,2025-08-02,IT,6,認証システム,React/Angular,Apache/Nginx,SAP,UI/UX デザイナー,なし,勘定科目マスタ,経理部門,なし,なし,Low,Retail,sample_projects_retail.csv
P95EEE3FF,Innovation Project 028,Innovation,4,4,1,5,32,30,124,2026-02-23,Finance,5,なし,React/Angular,Docker/Kubernetes,IBM,プロジェクトマネージャー,ソフトウェアライセンス,顧客マスタ,カスタマーサポート,連続月稼働,業界規制,Medium,Retail,sample_projects_retail.csv
P07534DEB,Cost Reduction Project 029,Cost_Reduction,5,3,4,4,129,4,253,2026-03-08,HR,15,基幹業務システム,なし,Kafka/RabbitMQ,なし,なし,保守契約,取引先マスタ,なし,連続月稼働,税制改正,Low,Retail,sample_projects_retail.csv
PD56D485C,Innovation Project 030,Innovation,5,5,1,4,201,16,391,2025-08-31,Operations,5,基幹業務システム,Java/.NET,なし,Microsoft,業務アナリスト,ソフトウェアライセンス,顧客マスタ,カスタマーサポート,年度末稼働,税制改正,Medium,Retail,sample_projects_retail.csv
P843305FF,Compliance Project 031,Compliance,4,1,4,5,139,12,38,2026-01-31,Customer Service,3,データウェアハウス,BI ツール,Docker/Kubernetes,なし,なし,コンサルティング,勘定科目マスタ,なし,なし,国際基準対応,Low,Retail,sample_projects_retail.csv
P22632C44,Compliance Project 032,Compliance,4,1,5,5,164,3,94,2026-01-09,Quality Assurance,13,認証システム,なし,Redis/Memcached,なし,UI/UX デザイナー,ソフトウェアライセンス,勘定科目マスタ,経営層,同月稼働,業界規制,Low,Retail,sample_projects_retail.csv
P70E4C4A0,Compliance Project 033,Compliance,3,2,4,5,86,3,75,2026-01-31,R&D,6,認証システム,BI ツール,Kafka/RabbitMQ,なし,UI/UX デザイナー,クラウドサービス,取引先マスタ,製造部門,同月稼働,業界規制,Low,Retail,sample_projects_retail.csv
PFB1EE3D8,IT Infrastructure Project 034,IT_Infrastructure,3,3,3,5,85,7,211,2025-08-05,Finance,6,顧客管理システム,React/Angular,Redis/Memcached,Microsoft,データサイエンティスト,コンサルティング,なし,営業部門,年度始稼働,会計基準変更,Low,Retail,sample_projects_retail.csv
PB33410C1,Innovation Project 035,Innovation,4,4,3,5,88,30,159,2025-12-27,Marketing,12,顧客管理システム,BI ツール,共通ライブラリ,地場SI会社,UI/UX デザイナー,コンサルティング,なし,経理部門,同月稼働,国際基準対応,Medium,Retail,sample_projects_retail.csv
P3C20EA69,Cost Reduction Project 036,Cost_Reduction,3,3,3,3,103,10,238,2026-01-26,Marketing,11,なし,BI ツール,Apache/Nginx,なし,UI/UX デザイナー,コンサルティング,顧客マスタ,カスタマーサポート,同四半期稼働,なし,Low,Retail,sample_projects_retail.csv
PC6CC46E1,Innovation Project 037,Innovation,4,4,3,5,168,25,390,2026-03-25,Customer Service,9,なし,React/Angular,Kafka/RabbitMQ,Oracle,なし,ソフトウェアライセンス,顧客マスタ,製造部門,年度末稼働,会計基準変更,Medium,Retail,sample_projects_retail.csv
P4FF59CF0,Innovation Project 038,Innovation,4,4,2,4,123,21,189,2026-01-18,HR,8,データウェアハウス,React/Angular,なし,Oracle,プロジェクトマネージャー,ハードウェア調達,勘定科目マスタ,経理部門,同月稼働,会計基準変更,Medium,Retail,sample_projects_retail.csv
P6AE8CDC7,Cost Reduction Project 039,Cost_Reduction,4,2,4,4,129,14,112,2025-09-06,HR,6,認証システム,なし,Redis/Memcached,Oracle,業務アナリスト,保守契約,組織マスタ,カスタマーサポート,年度始稼働,国際基準対応,Low,Retail,sample_projects_retail.csv
P9B6ECA12,Process Improvement Project 040,Process_Improvement,4,3,3,3,199,17,112,2025-12-24,HR,6,顧客管理システム,なし,Redis/Memcached,Oracle,Java 開発者,なし,勘定科目マスタ,なし,連続月稼働,会計基準変更,Low,Retail,sample_projects_retail.csv
PB33F762D,Digital Transformation Project 041,Digital_Transformation,5,5,4,5,202,18,234,2025-11-14,R&D,5,データウェアハウス,AWS/Azure クラウド,なし,Salesforce,データサイエンティスト,クラウドサービス,顧客マスタ,営業部門,年度始稼働,税制改正,Medium,Retail,sample_projects_retail.csv
PC9636DB9,Cost Reduction Project 042,Cost_Reduction,5,3,3,3,87,9,254,2026-03-03,R&D,5,顧客管理システム,BI ツール,Docker/Kubernetes,IBM,なし,ハードウェア調達,取引先マスタ,カスタマーサポート,同月稼働,国際基準対応,Low,Retail,sample_projects_retail.csv
PBD8A5670,Cost Reduction Project 043,Cost_Reduction,3,2,4,3,78,3,278,2026-02-19,Strategy,12,ファイルサーバー,REST API,共通ライブラリ,SAP,UI/UX デザイナー,コンサルティング,組織マスタ,経営層,年度末稼働,税制改正,Low,Retail,sample_projects_retail.csv
PD6AD48DD,Compliance Project 044,Compliance,3,1,4,5,209,4,60,2025-11-20,Operations,11,顧客管理システム,REST API,Apache/Nginx,SAP,UI/UX デザイナー,なし,勘定科目マスタ,カスタマーサポート,同四半期稼働,個人情報保護法,Low,Retail,sample_projects_retail.csv
P9A6FDDD1,Digital Transformation Project 045,Digital_Transformation,5,5,3,4,339,20,336,2025-10-30,Sales,4,ファイルサーバー,REST API,なし,Microsoft,インフラエンジニア,ソフトウェアライセンス,顧客マスタ,営業部門,連続月稼働,税制改正,Medium,Retail,sample_projects_retail.csv
PAA3885A1,Compliance Project 046,Compliance,4,1,5,5,219,9,76,2026-04-03,Legal,10,認証システム,AWS/Azure クラウド,共通ライブラリ,IBM,UI/UX デザイナー,なし,組織マスタ,経営層,同四半期稼働,個人情報保護法,Low,Retail,sample_projects_retail.csv
P3B5916DA,IT Infrastructure Project 047,IT_Infrastructure,5,4,5,3,441,14,183,2025-08-10,Operations,10,ファイルサーバー,なし,Docker/Kubernetes,Oracle,データサイエンティスト,保守契約,取引先マスタ,なし,年度末稼働,個人情報保護法,Medium,Retail,sample_projects_retail.csv
P000ED180,Innovation Project 048,Innovation,4,5,2,5,83,11,261,2026-02-16,Supply Chain,10,データウェアハウス,なし,Docker/Kubernetes,なし,なし,保守契約,顧客マスタ,カスタマーサポート,同月稼働,税制改正,Medium,Retail,sample_projects_retail.csv
P99093CF6,Process Improvement Project 049,Process_Improvement,2,2,4,2,188,17,134,2025-08-17,Finance,11,データウェアハウス,React/Angular,Docker/Kubernetes,地場SI会社,UI/UX デザイナー,ハードウェア調達,製品マスタ,製造部門,年度始稼働,会計基準変更,Low,Retail,sample_projects_retail.csv
PA3574EF6,Process Improvement Project 050,Process_Improvement,4,2,2,2,181,10,180,2025-10-10,HR,11,顧客管理システム,React/Angular,Docker/Kubernetes,IBM,データサイエンティスト,ハードウェア調達,取引先マスタ,営業部門,なし,会計基準変更,Low,Retail,sample_projects_retail.csv
P2F47FC5B,Cost Reduction Project 001,Cost_Reduction,3,2,3,3,50,13,116,2025-09-03,Strategy,9,顧客管理システム,AWS/Azure クラウド,Apache/Nginx,Microsoft,データサイエンティスト,保守契約,勘定科目マスタ,営業部門,年度始稼働,会計基準変更,Low,Manufacturing,sample_projects_manufacturing.csv
PB2C7833B,Cost Reduction Project 002,Cost_Reduction,4,1,4,4,16,14,130,2026-02-22,R&D,7,基幹業務システム,REST API,Kafka/RabbitMQ,IBM,Java 開発者,コンサルティング,顧客マスタ,製造部門,同四半期稼働,国際基準対応,Low,Manufacturing,sample_projects_manufacturing.csv
PB259FA64,Process Improvement Project 003,Process_Improvement,4,1,4,2,116,5,130,2025-12-18,Quality Assurance,12,データウェアハウス,React/Angular,Redis/Memcached,地場SI会社,Java 開発者,ハードウェア調達,なし,経理部門,同四半期稼働,個人情報保護法,Low,Manufacturing,sample_projects_manufacturing.csv
P382ED222,Digital Transformation Project 004,Digital_Transformation,5,3,3,5,266,23,210,2025-11-05,Quality Assurance,7,なし,なし,なし,IBM,プロジェクトマネージャー,なし,製品マスタ,経営層,なし,会計基準変更,Medium,Manufacturing,sample_projects_manufacturing.csv
P724F58F2,Digital Transformation Project 005,Digital_Transformation,5,3,4,4,432,36,134,2025-11-15,IT,15,データウェアハウス,Java/.NET,Kafka/RabbitMQ,IBM,データサイエンティスト,保守契約,なし,製造部門,連続月稼働,なし,Medium,Manufacturing,sample_projects_manufacturing.csv
P412ABCDD,Innovation Project 006,Innovation,5,4,1,4,101,13,337,2025-12-02,Supply Chain,12,認証システム,React/Angular,Docker/Kubernetes,Oracle,データサイエンティスト,ソフトウェアライセンス,勘定科目マスタ,カスタマーサポート,同月稼働,個人情報保護法,Medium,Manufacturing,sample_projects_manufacturing.csv
PFA01E7FB,IT Infrastructure Project 007,IT_Infrastructure,5,1,5,4,355,8,129,2026-02-01,Strategy,10,ファイルサーバー,BI ツール,共通ライブラリ,なし,Java 開発者,なし,なし,営業部門,なし,国際基準対応,Low,Manufacturing,sample_projects_manufacturing.csv
P687CA718,Process Improvement Project 008,Process_Improvement,2,1,3,2,136,3,93,2026-04-03,Operations,11,顧客管理システム,なし,Kafka/RabbitMQ,なし,業務アナリスト,保守契約,勘定科目マスタ,経理部門,連続月稼働,税制改正,Low,Manufacturing,sample_projects_manufacturing.csv
PDB31A11B,Digital Transformation Project 009,Digital_Transformation,4,4,3,5,119,15,212,2025-12-25,Finance,3,基幹業務システム,React/Angular,Apache/Nginx,IBM,業務アナリスト,コンサルティング,顧客マスタ,経営層,連続月稼働,会計基準変更,Low,Manufacturing,sample_projects_manufacturing.csv
P10BDDC9A,Cost Reduction Project 010,Cost_Reduction,5,1,4,4,69,10,141,2025-12-27,Sales,13,なし,BI ツール,Docker/Kubernetes,Salesforce,UI/UX デザイナー,ハードウェア調達,製品マスタ,経理部門,同月稼働,税制改正,Low,Manufacturing,sample_projects_manufacturing.csv
P050159F0,IT Infrastructure Project 011,IT_Infrastructure,5,1,3,3,412,7,109,2025-08-24,IT,8,顧客管理システム,React/Angular,Redis/Memcached,Oracle,業務アナリスト,コンサルティング,製品マスタ,経営層,連続月稼働,なし,Low,Manufacturing,sample_projects_manufacturing.csv
PB1FDFABA,Compliance Project 012,Compliance,3,1,5,4,64,4,85,2026-01-18,Sales,9,認証システム,なし,Apache/Nginx,地場SI会社,業務アナリスト,なし,顧客マスタ,営業部門,年度末稼働,なし,Low,Manufacturing,sample_projects_manufacturing.csv
PD5FCE918,Process Improvement Project 013,Process_Improvement,2,1,2,4,134,7,114,2025-10-22,HR,10,基幹業務システム,AWS/Azure クラウド,Docker/Kubernetes,なし,なし,保守契約,顧客マスタ,営業部門,なし,国際基準対応,Low,Manufacturing,sample_projects_manufacturing.csv
PF7155950,IT Infrastructure Project 014,IT_Infrastructure,3,1,4,4,296,12,190,2026-02-11,IT,5,認証システム,AWS/Azure クラウド,Docker/Kubernetes,Oracle,なし,コンサルティング,組織マスタ,カスタマーサポート,なし,なし,Low,Manufacturing,sample_projects_manufacturing.csv
PDD0AB387,Compliance Project 015,Compliance,3,1,5,4,54,12,99,2025-08-21,Supply Chain,8,顧客管理システム,AWS/Azure クラウド,共通ライブラリ,SAP,プロジェクトマネージャー,保守契約,製品マスタ,営業部門,年度始稼働,個人情報保護法,Low,Manufacturing,sample_projects_manufacturing.csv
P59E0E43A,Digital Transformation Project 016,Digital_Transformation,4,4,2,5,222,30,183,2025-08-10,Strategy,4,認証システム,なし,共通ライブラリ,Salesforce,プロジェクトマネージャー,クラウドサービス,組織マスタ,経理部門,なし,なし,Medium,Manufacturing,sample_projects_manufacturing.csv
PA4D0DC2F,Process Improvement Project 017,Process_Improvement,3,1,2,4,185,12,118,2025-12-29,Marketing,3,認証システム,React/Angular,共通ライブラリ,IBM,Java 開発者,保守契約,製品マスタ,経営層,同四半期稼働,会計基準変更,Low,Manufacturing,sample_projects_manufacturing.csv
P5767FFB1,Process Improvement Project 018,Process_Improvement,2,1,3,2,132,12,138,2026-04-17,IT,13,ファイルサーバー,BI ツール,なし,IBM,データサイエンティスト,クラウドサービス,顧客マスタ,営業部門,なし,国際基準対応,Low,Manufacturing,sample_projects_manufacturing.csv
P048999F4,Digital Transformation Project 019,Digital_Transformation,5,4,2,5,308,33,282,2025-12-03,Legal,10,データウェアハウス,AWS/Azure クラウド,Apache/Nginx,地場SI会社,UI/UX デザイナー,クラウドサービス,顧客マスタ,営業部門,同四半期稼働,会計基準変更,Medium,Manufacturing,sample_projects_manufacturing.csv
P2C42EE55,Cost Reduction Project 020,Cost_Reduction,3,2,4,3,43,3,128,2025-08-08,R&D,12,ファイルサーバー,REST API,Docker/Kubernetes,Microsoft,Java 開発者,クラウドサービス,組織マスタ,営業部門,同四半期稼働,会計基準変更,Low,Manufacturing,sample_projects_manufacturing.csv
PF1112278,Cost Reduction Project 021,Cost_Reduction,5,1,4,4,54,5,131,2025-10-19,Sales,3,基幹業務システム,なし,Kafka/RabbitMQ,なし,UI/UX デザイナー,なし,なし,経理部門,同四半期稼働,会計基準変更,Low,Manufacturing,sample_projects_manufacturing.csv
PC6537585,Cost Reduction Project 022,Cost_Reduction,4,1,4,3,66,15,207,2026-01-16,HR,15,基幹業務システム,REST API,Apache/Nginx,地場SI会社,データサイエンティスト,コンサルティング,組織マスタ,製造部門,同月稼働,税制改正,Low,Manufacturing,sample_projects_manufacturing.csv
P60977BD7,Process Improvement Project 023,Process_Improvement,3,2,4,3,27,6,93,2025-10-20,Strategy,7,顧客管理システム,AWS/Azure クラウド,共通ライブラリ,SAP,インフラエンジニア,なし,組織マスタ,カスタマーサポート,年度始稼働,国際基準対応,Low,Manufacturing,sample_projects_manufacturing.csv
P7EAC81CB,IT Infrastructure Project 024,IT_Infrastructure,5,1,4,3,412,19,80,2026-04-13,Legal,13,なし,なし,なし,地場SI会社,データサイエンティスト,クラウドサービス,取引先マスタ,営業部門,なし,税制改正,Low,Manufacturing,sample_projects_manufacturing.csv
PCA0A5741,Compliance Project 025,Compliance,3,1,5,5,123,9,67,2025-09-24,Finance,9,なし,Java/.NET,なし,地場SI会社,データサイエンティスト,保守契約,勘定科目マスタ,製造部門,年度末稼働,国際基準対応,Low,Manufacturing,sample_projects_manufacturing.csv
P4FC1D419,IT Infrastructure Project 026,IT_Infrastructure,4,1,4,5,360,16,139,2026-03-04,Customer Service,13,基幹業務システム,React/Angular,Docker/Kubernetes,なし,なし,なし,製品マスタ,なし,同月稼働,税制改正,Low,Manufacturing,sample_projects_manufacturing.csv
PDB58B652,Compliance Project 027,Compliance,3,1,5,4,246,6,48,2025-08-02,IT,6,認証システム,React/Angular,Apache/Nginx,SAP,UI/UX デザイナー,なし,勘定科目マスタ,経理部門,なし,なし,Low,Manufacturing,sample_projects_manufacturing.csv
P7B43B43A,Innovation Project 028,Innovation,4,3,1,5,32,30,104,2026-02-23,Finance,5,なし,React/Angular,Docker/Kubernetes,IBM,プロジェクトマネージャー,ソフトウェアライセンス,顧客マスタ,カスタマーサポート,連続月稼働,業界規制,Medium,Manufacturing,sample_projects_manufacturing.csv
PFF7118ED,Cost Reduction Project 029,Cost_Reduction,5,2,4,4,129,4,211,2026-03-08,HR,15,基幹業務システム,なし,Kafka/RabbitMQ,なし,なし,保守契約,取引先マスタ,なし,連続月稼働,税制改正,Low,Manufacturing,sample_projects_manufacturing.csv
P4DDEDB18,Innovation Project 030,Innovation,5,4,1,4,201,16,326,2025-08-31,Operations,5,基幹業務システム,Java/.NET,なし,Microsoft,業務アナリスト,ソフトウェアライセンス,顧客マスタ,カスタマーサポート,年度末稼働,税制改正,Low,Manufacturing,sample_projects_manufacturing.csv
P94208655,Compliance Project 031,Compliance,4,1,4,5,139,12,32,2026-01-31,Customer Service,3,データウェアハウス,BI ツール,Docker/Kubernetes,なし,なし,コンサルティング,勘定科目マスタ,なし,なし,国際基準対応,Low,Manufacturing,sample_projects_manufacturing.csv
P62F66210,Compliance Project 032,Compliance,4,1,5,5,164,3,79,2026-01-09,Quality Assurance,13,認証システム,なし,Redis/Memcached,なし,UI/UX デザイナー,ソフトウェアライセンス,勘定科目マスタ,経営層,同月稼働,業界規制,Low,Manufacturing,sample_projects_manufacturing.csv
P5FB72F3F,Compliance Project 033,Compliance,3,1,4,5,86,3,63,2026-01-31,R&D,6,認証システム,BI ツール,Kafka/RabbitMQ,なし,UI/UX デザイナー,クラウドサービス,取引先マスタ,製造部門,同月稼働,業界規制,Low,Manufacturing,sample_projects_manufacturing.csv
P9959560A,IT Infrastructure Project 034,IT_Infrastructure,3,2,3,5,85,7,176,2025-08-05,Finance,6,顧客管理システム,React/Angular,Redis/Memcached,Microsoft,データサイエンティスト,コンサルティング,なし,営業部門,年度始稼働,会計基準変更,Low,Manufacturing,sample_projects_manufacturing.csv
PF419A77F,Innovation Project 035,Innovation,4,3,3,5,88,30,133,2025-12-27,Marketing,12,顧客管理システム,BI ツール,共通ライブラリ,地場SI会社,UI/UX デザイナー,コンサルティング,なし,経理部門,同月稼働,国際基準対応,Medium,Manufacturing,sample_projects_manufacturing.csv
P0BC25F09,Cost Reduction Project 036,Cost_Reduction,3,2,3,3,103,10,199,2026-01-26,Marketing,11,なし,BI ツール,Apache/Nginx,なし,UI/UX デザイナー,コンサルティング,顧客マスタ,カスタマーサポート,同四半期稼働,なし,Low,Manufacturing,sample_projects_manufacturing.csv
P30B1A7F0,Innovation Project 037,Innovation,4,3,3,5,168,25,325,2026-03-25,Customer Service,9,なし,React/Angular,Kafka/RabbitMQ,Oracle,なし,ソフトウェアライセンス,顧客マスタ,製造部門,年度末稼働,会計基準変更,Medium,Manufacturing,sample_projects_manufacturing.csv
PCC30A890,Innovation Project 038,Innovation,4,3,2,4,123,21,158,2026-01-18,HR,8,データウェアハウス,React/Angular,なし,Oracle,プロジェクトマネージャー,ハードウェア調達,勘定科目マスタ,経理部門,同月稼働,会計基準変更,Low,Manufacturing,sample_projects_manufacturing.csv
P6D7A47CE,Cost Reduction Project 039,Cost_Reduction,4,1,4,4,129,14,94,2025-09-06,HR,6,認証システム,なし,Redis/Memcached,Oracle,業務アナリスト,保守契約,組織マスタ,カスタマーサポート,年度始稼働,国際基準対応,Low,Manufacturing,sample_projects_manufacturing.csv
PF296AD81,Process Improvement Project 040,Process_Improvement,4,2,3,3,199,17,94,2025-12-24,HR,6,顧客管理システム,なし,Redis/Memcached,Oracle,Java 開発者,なし,勘定科目マスタ,なし,連続月稼働,会計基準変更,Low,Manufacturing,sample_projects_manufacturing.csv
P05D99F62,Digital Transformation Project 041,Digital_Transformation,5,4,4,5,202,18,195,2025-11-14,R&D,5,データウェアハウス,AWS/Azure クラウド,なし,Salesforce,データサイエンティスト,クラウドサービス,顧客マスタ,営業部門,年度始稼働,税制改正,Low,Manufacturing,sample_projects_manufacturing.csv
P7E4A112E,Cost Reduction Project 042,Cost_Reduction,5,2,3,3,87,9,212,2026-03-03,R&D,5,顧客管理システム,BI ツール,Docker/Kubernetes,IBM,なし,ハードウェア調達,取引先マスタ,カスタマーサポート,同月稼働,国際基準対応,Low,Manufacturing,sample_projects_manufacturing.csv
PE32EF89E,Cost Reduction Project 043,Cost_Reduction,3,1,4,3,78,3,232,2026-02-19,Strategy,12,ファイルサーバー,REST API,共通ライブラリ,SAP,UI/UX デザイナー,コンサルティング,組織マスタ,経営層,年度末稼働,税制改正,Low,Manufacturing,sample_projects_manufacturing.csv
P5FE7884C,Compliance Project 044,Compliance,3,1,4,5,209,4,50,2025-11-20,Operations,11,顧客管理システム,REST API,Apache/Nginx,SAP,UI/UX デザイナー,なし,勘定科目マスタ,カスタマーサポート,同四半期稼働,個人情報保護法,Low,Manufacturing,sample_projects_manufacturing.csv
PBC4693B1,Digital Transformation Project 045,Digital_Transformation,5,4,3,4,339,20,280,2025-10-30,Sales,4,ファイルサーバー,REST API,なし,Microsoft,インフラエンジニア,ソフトウェアライセンス,顧客マスタ,営業部門,連続月稼働,税制改正,Medium,Manufacturing,sample_projects_manufacturing.csv
PB84ACF6D,Compliance Project 046,Compliance,4,1,5,5,219,9,64,2026-04-03,Legal,10,認証システム,AWS/Azure クラウド,共通ライブラリ,IBM,UI/UX デザイナー,なし,組織マスタ,経営層,同四半期稼働,個人情報保護法,Low,Manufacturing,sample_projects_manufacturing.csv
PA8A1D377,IT Infrastructure Project 047,IT_Infrastructure,5,3,5,3,441,14,153,2025-08-10,Operations,10,ファイルサーバー,なし,Docker/Kubernetes,Oracle,データサイエンティスト,保守契約,取引先マスタ,なし,年度末稼働,個人情報保護法,Medium,Manufacturing,sample_projects_manufacturing.csv
PF502D716,Innovation Project 048,Innovation,4,4,2,5,83,11,218,2026-02-16,Supply Chain,10,データウェアハウス,なし,Docker/Kubernetes,なし,なし,保守契約,顧客マスタ,カスタマーサポート,同月稼働,税制改正,Low,Manufacturing,sample_projects_manufacturing.csv
PAA45C4E7,Process Improvement Project 049,Process_Improvement,2,1,4,2,188,17,112,2025-08-17,Finance,11,データウェアハウス,React/Angular,Docker/Kubernetes,地場SI会社,UI/UX デザイナー,ハードウェア調達,製品マスタ,製造部門,年度始稼働,会計基準変更,Low,Manufacturing,sample_projects_manufacturing.csv
P39AADD22,Process Improvement Project 050,Process_Improvement,4,1,2,2,181,10,150,2025-10-10,HR,11,顧客管理システム,React/Angular,Docker/Kubernetes,IBM,データサイエンティスト,ハードウェア調達,取引先マスタ,営業部門,なし,会計基準変更,Low,Manufacturing,sample_projects_manufacturing.csv
P990EFC47,Cost Reduction Project 001,Cost_Reduction,3,2,3,3,50,13,127,2025-09-03,Strategy,9,顧客管理システム,AWS/Azure クラウド,Apache/Nginx,Microsoft,データサイエンティスト,保守契約,勘定科目マスタ,営業部門,年度始稼働,会計基準変更,Low,Finance,sample_projects_finance.csv
PC59DEE4D,Cost Reduction Project 002,Cost_Reduction,4,1,4,4,16,14,143,2026-02-22,R&D,7,基幹業務システム,REST API,Kafka/RabbitMQ,IBM,Java 開発者,コンサルティング,顧客マスタ,製造部門,同四半期稼働,国際基準対応,Low,Finance,sample_projects_finance.csv
P0589C4F5,Process Improvement Project 003,Process_Improvement,4,1,4,2,116,5,143,2025-12-18,Quality Assurance,12,データウェアハウス,React/Angular,Redis/Memcached,地場SI会社,Java 開発者,ハードウェア調達,なし,経理部門,同四半期稼働,個人情報保護法,Low,Finance,sample_projects_finance.csv
PC8EBCE69,Digital Transformation Project 004,Digital_Transformation,5,3,3,5,266,23,231,2025-11-05,Quality Assurance,7,なし,なし,なし,IBM,プロジェクトマネージャー,なし,製品マスタ,経営層,なし,会計基準変更,Medium,Finance,sample_projects_finance.csv
P2813B4D3,Digital Transformation Project 005,Digital_Transformation,5,3,4,4,432,36,147,2025-11-15,IT,15,データウェアハウス,Java/.NET,Kafka/RabbitMQ,IBM,データサイエンティスト,保守契約,なし,製造部門,連続月稼働,なし,Medium,Finance,sample_projects_finance.csv
P7C50A5BB,Innovation Project 006,Innovation,5,4,1,4,101,13,370,2025-12-02,Supply Chain,12,認証システム,React/Angular,Docker/Kubernetes,Oracle,データサイエンティスト,ソフトウェアライセンス,勘定科目マスタ,カスタマーサポート,同月稼働,個人情報保護法,Medium,Finance,sample_projects_finance.csv
P9062D8E5,IT Infrastructure Project 007,IT_Infrastructure,5,1,5,4,355,8,141,2026-02-01,Strategy,10,ファイルサーバー,BI ツール,共通ライブラリ,なし,Java 開発者,なし,なし,営業部門,なし,国際基準対応,Low,Finance,sample_projects_finance.csv
P6F310DCB,Process Improvement Project 008,Process_Improvement,2,1,3,2,136,3,102,2026-04-03,Operations,11,顧客管理システム,なし,Kafka/RabbitMQ,なし,業務アナリスト,保守契約,勘定科目マスタ,経理部門,連続月稼働,税制改正,Low,Finance,sample_projects_finance.csv
P444AD886,Digital Transformation Project 009,Digital_Transformation,4,4,3,5,119,15,233,2025-12-25,Finance,3,基幹業務システム,React/Angular,Apache/Nginx,IBM,業務アナリスト,コンサルティング,顧客マスタ,経営層,連続月稼働,会計基準変更,Low,Finance,sample_projects_finance.csv
PF3C649B1,Cost Reduction Project 010,Cost_Reduction,5,1,4,4,69,10,155,2025-12-27,Sales,13,なし,BI ツール,Docker/Kubernetes,Salesforce,UI/UX デザイナー,ハードウェア調達,製品マスタ,経理部門,同月稼働,税制改正,Low,Finance,sample_projects_finance.csv
PAB5FA13F,IT Infrastructure Project 011,IT_Infrastructure,5,1,3,3,412,7,119,2025-08-24,IT,8,顧客管理システム,React/Angular,Redis/Memcached,Oracle,業務アナリスト,コンサルティング,製品マスタ,経営層,連続月稼働,なし,Low,Finance,sample_projects_finance.csv
P69D1F287,Compliance Project 012,Compliance,3,1,5,4,64,4,93,2026-01-18,Sales,9,認証システム,なし,Apache/Nginx,地場SI会社,業務アナリスト,なし,顧客マスタ,営業部門,年度末稼働,なし,Low,Finance,sample_projects_finance.csv
P66308F34,Process Improvement Project 013,Process_Improvement,2,1,2,4,134,7,125,2025-10-22,HR,10,基幹業務システム,AWS/Azure クラウド,Docker/Kubernetes,なし,なし,保守契約,顧客マスタ,営業部門,なし,国際基準対応,Low,Finance,sample_projects_finance.csv
P032FBB5F,IT Infrastructure Project 014,IT_Infrastructure,3,1,4,4,296,12,209,2026-02-11,IT,5,認証システム,AWS/Azure クラウド,Docker/Kubernetes,Oracle,なし,コンサルティング,組織マスタ,カスタマーサポート,なし,なし,Low,Finance,sample_projects_finance.csv
P7CAE2637,Compliance Project 015,Compliance,3,1,5,4,54,12,108,2025-08-21,Supply Chain,8,顧客管理システム,AWS/Azure クラウド,共通ライブラリ,SAP,プロジェクトマネージャー,保守契約,製品マスタ,営業部門,年度始稼働,個人情報保護法,Low,Finance,sample_projects_finance.csv
PB7A8066A,Digital Transformation Project 016,Digital_Transformation,4,4,2,5,222,30,201,2025-08-10,Strategy,4,認証システム,なし,共通ライブラリ,Salesforce,プロジェクトマネージャー,クラウドサービス,組織マスタ,経理部門,なし,なし,Medium,Finance,sample_projects_finance.csv
PF33B73D9,Process Improvement Project 017,Process_Improvement,3,1,2,4,185,12,129,2025-12-29,Marketing,3,認証システム,React/Angular,共通ライブラリ,IBM,Java 開発者,保守契約,製品マスタ,経営層,同四半期稼働,会計基準変更,Low,Finance,sample_projects_finance.csv
P529BB56B,Process Improvement Project 018,Process_Improvement,2,1,3,2,132,12,151,2026-04-17,IT,13,ファイルサーバー,BI ツール,なし,IBM,データサイエンティスト,クラウドサービス,顧客マスタ,営業部門,なし,国際基準対応,Low,Finance,sample_projects_finance.csv
PC8AD7D7F,Digital Transformation Project 019,Digital_Transformation,5,4,2,5,308,33,310,2025-12-03,Legal,10,データウェアハウス,AWS/Azure クラウド,Apache/Nginx,地場SI会社,UI/UX デザイナー,クラウドサービス,顧客マスタ,営業部門,同四半期稼働,会計基準変更,Medium,Finance,sample_projects_finance.csv
PBE9F8E15,Cost Reduction Project 020,Cost_Reduction,3,2,4,3,43,3,140,2025-08-08,R&D,12,ファイルサーバー,REST API,Docker/Kubernetes,Microsoft,Java 開発者,クラウドサービス,組織マスタ,営業部門,同四半期稼働,会計基準変更,Low,Finance,sample_projects_finance.csv
P6D89D19E,Cost Reduction Project 021,Cost_Reduction,5,1,4,4,54,5,144,2025-10-19,Sales,3,基幹業務システム,なし,Kafka/RabbitMQ,なし,UI/UX デザイナー,なし,なし,経理部門,同四半期稼働,会計基準変更,Low,Finance,sample_projects_finance.csv
P6623DE9D,Cost Reduction Project 022,Cost_Reduction,4,1,4,3,66,15,227,2026-01-16,HR,15,基幹業務システム,REST API,Apache/Nginx,地場SI会社,データサイエンティスト,コンサルティング,組織マスタ,製造部門,同月稼働,税制改正,Low,Finance,sample_projects_finance.csv
P7C5624FC,Process Improvement Project 023,Process_Improvement,3,2,4,3,27,6,102,2025-10-20,Strategy,7,顧客管理システム,AWS/Azure クラウド,共通ライブラリ,SAP,インフラエンジニア,なし,組織マスタ,カスタマーサポート,年度始稼働,国際基準対応,Low,Finance,sample_projects_finance.csv
PA04A5211,IT Infrastructure Project 024,IT_Infrastructure,5,1,4,3,412,19,88,2026-04-13,Legal,13,なし,なし,なし,地場SI会社,データサイエンティスト,クラウドサービス,取引先マスタ,営業部門,なし,税制改正,Low,Finance,sample_projects_finance.csv
PB7EA2EFC,Compliance Project 025,Compliance,3,1,5,5,123,9,73,2025-09-24,Finance,9,なし,Java/.NET,なし,地場SI会社,データサイエンティスト,保守契約,勘定科目マスタ,製造部門,年度末稼働,国際基準対応,Low,Finance,sample_projects_finance.csv
P9E744BCA,IT Infrastructure Project 026,IT_Infrastructure,4,1,4,5,360,16,152,2026-03-04,Customer Service,13,基幹業務システム,React/Angular,Docker/Kubernetes,なし,なし,なし,製品マスタ,なし,同月稼働,税制改正,Low,Finance,sample_projects_finance.csv
PD73EE08E,Compliance Project 027,Compliance,3,1,5,4,246,6,52,2025-08-02,IT,6,認証システム,React/Angular,Apache/Nginx,SAP,UI/UX デザイナー,なし,勘定科目マスタ,経理部門,なし,なし,Low,Finance,sample_projects_finance.csv
PE9948E1F,Innovation Project 028,Innovation,4,3,1,5,32,30,114,2026-02-23,Finance,5,なし,React/Angular,Docker/Kubernetes,IBM,プロジェクトマネージャー,ソフトウェアライセンス,顧客マスタ,カスタマーサポート,連続月稼働,業界規制,Medium,Finance,sample_projects_finance.csv
P4F2ED53E,Cost Reduction Project 029,Cost_Reduction,5,2,4,4,129,4,232,2026-03-08,HR,15,基幹業務システム,なし,Kafka/RabbitMQ,なし,なし,保守契約,取引先マスタ,なし,連続月稼働,税制改正,Low,Finance,sample_projects_finance.csv
P18A662A0,Innovation Project 030,Innovation,5,4,1,4,201,16,358,2025-08-31,Operations,5,基幹業務システム,Java/.NET,なし,Microsoft,業務アナリスト,ソフトウェアライセンス,顧客マスタ,カスタマーサポート,年度末稼働,税制改正,Low,Finance,sample_projects_finance.csv
PD8E807D1,Compliance Project 031,Compliance,4,1,4,5,139,12,35,2026-01-31,Customer Service,3,データウェアハウス,BI ツール,Docker/Kubernetes,なし,なし,コンサルティング,勘定科目マスタ,なし,なし,国際基準対応,Low,Finance,sample_projects_finance.csv
PFB134A65,Compliance Project 032,Compliance,4,1,5,5,164,3,86,2026-01-09,Quality Assurance,13,認証システム,なし,Redis/Memcached,なし,UI/UX デザイナー,ソフトウェアライセンス,勘定科目マスタ,経営層,同月稼働,業界規制,Low,Finance,sample_projects_finance.csv
P05BAA237,Compliance Project 033,Compliance,3,1,4,5,86,3,69,2026-01-31,R&D,6,認証システム,BI ツール,Kafka/RabbitMQ,なし,UI/UX デザイナー,クラウドサービス,取引先マスタ,製造部門,同月稼働,業界規制,Low,Finance,sample_projects_finance.csv
P25BF5533,IT Infrastructure Project 034,IT_Infrastructure,3,2,3,5,85,7,193,2025-08-05,Finance,6,顧客管理システム,React/Angular,Redis/Memcached,Microsoft,データサイエンティスト,コンサルティング,なし,営業部門,年度始稼働,会計基準変更,Low,Finance,sample_projects_finance.csv
PC36F236F,Innovation Project 035,Innovation,4,3,3,5,88,30,146,2025-12-27,Marketing,12,顧客管理システム,BI ツール,共通ライブラリ,地場SI会社,UI/UX デザイナー,コンサルティング,なし,経理部門,同月稼働,国際基準対応,Medium,Finance,sample_projects_finance.csv
PEF41AF05,Cost Reduction Project 036,Cost_Reduction,3,2,3,3,103,10,218,2026-01-26,Marketing,11,なし,BI ツール,Apache/Nginx,なし,UI/UX デザイナー,コンサルティング,顧客マスタ,カスタマーサポート,同四半期稼働,なし,Low,Finance,sample_projects_finance.csv
P97590A48,Innovation Project 037,Innovation,4,3,3,5,168,25,357,2026-03-25,Customer Service,9,なし,React/Angular,Kafka/RabbitMQ,Oracle,なし,ソフトウェアライセンス,顧客マスタ,製造部門,年度末稼働,会計基準変更,Medium,Finance,sample_projects_finance.csv
P93F97C2D,Innovation Project 038,Innovation,4,3,2,4,123,21,173,2026-01-18,HR,8,データウェアハウス,React/Angular,なし,Oracle,プロジェクトマネージャー,ハードウェア調達,勘定科目マスタ,経理部門,同月稼働,会計基準変更,Low,Finance,sample_projects_finance.csv
P84F74DB0,Cost Reduction Project 039,Cost_Reduction,4,1,4,4,129,14,103,2025-09-06,HR,6,認証システム,なし,Redis/Memcached,Oracle,業務アナリスト,保守契約,組織マスタ,カスタマーサポート,年度始稼働,国際基準対応,Low,Finance,sample_projects_finance.csv
P7B427339,Process Improvement Project 040,Process_Improvement,4,2,3,3,199,17,103,2025-12-24,HR,6,顧客管理システム,なし,Redis/Memcached,Oracle,Java 開発者,なし,勘定科目マスタ,なし,連続月稼働,会計基準変更,Low,Finance,sample_projects_finance.csv
P45C7BCE4,Digital Transformation Project 041,Digital_Transformation,5,4,4,5,202,18,214,2025-11-14,R&D,5,データウェアハウス,AWS/Azure クラウド,なし,Salesforce,データサイエンティスト,クラウドサービス,顧客マスタ,営業部門,年度始稼働,税制改正,Low,Finance,sample_projects_finance.csv
P01DE852E,Cost Reduction Project 042,Cost_Reduction,5,2,3,3,87,9,233,2026-03-03,R&D,5,顧客管理システム,BI ツール,Docker/Kubernetes,IBM,なし,ハードウェア調達,取引先マスタ,カスタマーサポート,同月稼働,国際基準対応,Low,Finance,sample_projects_finance.csv
PFD43A03A,Cost Reduction Project 043,Cost_Reduction,3,1,4,3,78,3,255,2026-02-19,Strategy,12,ファイルサーバー,REST API,共通ライブラリ,SAP,UI/UX デザイナー,コンサルティング,組織マスタ,経営層,年度末稼働,税制改正,Low,Finance,sample_projects_finance.csv
PAE47CD1E,Compliance Project 044,Compliance,3,1,4,5,209,4,55,2025-11-20,Operations,11,顧客管理システム,REST API,Apache/Nginx,SAP,UI/UX デザイナー,なし,勘定科目マスタ,カスタマーサポート,同四半期稼働,個人情報保護法,Low,Finance,sample_projects_finance.csv
P14234D41,Digital Transformation Project 045,Digital_Transformation,5,4,3,4,339,20,308,2025-10-30,Sales,4,ファイルサーバー,REST API,なし,Microsoft,インフラエンジニア,ソフトウェアライセンス,顧客マスタ,営業部門,連続月稼働,税制改正,Medium,Finance,sample_projects_finance.csv
PF1DCA28C,Compliance Project 046,Compliance,4,1,5,5,219,9,70,2026-04-03,Legal,10,認証システム,AWS/Azure クラウド,共通ライブラリ,IBM,UI/UX デザイナー,なし,組織マスタ,経営層,同四半期稼働,個人情報保護法,Low,Finance,sample_projects_finance.csv
P44A0A641,IT Infrastructure Project 047,IT_Infrastructure,5,3,5,3,441,14,168,2025-08-10,Operations,10,ファイルサーバー,なし,Docker/Kubernetes,Oracle,データサイエンティスト,保守契約,取引先マスタ,なし,年度末稼働,個人情報保護法,Medium,Finance,sample_projects_finance.csv
P592A04AB,Innovation Project 048,Innovation,4,4,2,5,83,11,239,2026-02-16,Supply Chain,10,データウェアハウス,なし,Docker/Kubernetes,なし,なし,保守契約,顧客マスタ,カスタマーサポート,同月稼働,税制改正,Low,Finance,sample_projects_finance.csv
PBF48C170,Process Improvement Project 049,Process_Improvement,2,1,4,2,188,17,123,2025-08-17,Finance,11,データウェアハウス,React/Angular,Docker/Kubernetes,地場SI会社,UI/UX デザイナー,ハードウェア調達,製品マスタ,製造部門,年度始稼働,会計基準変更,Low,Finance,sample_projects_finance.csv
PA53F2C5A,Process Improvement Project 050,Process_Improvement,4,1,2,2,181,10,165,2025-10-10,HR,11,顧客管理システム,React/Angular,Docker/Kubernetes,IBM,データサイエンティスト,ハードウェア調達,取引先マスタ,営業部門,なし,会計基準変更,Low,Finance,sample_projects_finance.csv
P06CD9047,Cost Reduction Project 001,Cost_Reduction,3,3,3,3,50,13,104,2025-09-03,Strategy,9,顧客管理システム,AWS/Azure クラウド,Apache/Nginx,Microsoft,データサイエンティスト,保守契約,勘定科目マスタ,営業部門,年度始稼働,会計基準変更,Low,Healthcare,sample_projects_healthcare.csv
P362A0767,Cost Reduction Project 002,Cost_Reduction,4,2,4,4,16,14,117,2026-02-22,R&D,7,基幹業務システム,REST API,Kafka/RabbitMQ,IBM,Java 開発者,コンサルティング,顧客マスタ,製造部門,同四半期稼働,国際基準対応,Low,Healthcare,sample_projects_healthcare.csv
P15CF12FE,Process Improvement Project 003,Process_Improvement,4,2,4,2,116,5,117,2025-12-18,Quality Assurance,12,データウェアハウス,React/Angular,Redis/Memcached,地場SI会社,Java 開発者,ハードウェア調達,なし,経理部門,同四半期稼働,個人情報保護法,Low,Healthcare,sample_projects_healthcare.csv
PCF3BAC50,Digital Transformation Project 004,Digital_Transformation,5,4,3,5,266,23,189,2025-11-05,Quality Assurance,7,なし,なし,なし,IBM,プロジェクトマネージャー,なし,製品マスタ,経営層,なし,会計基準変更,Medium,Healthcare,sample_projects_healthcare.csv
PDB1DFA59,Digital Transformation Project 005,Digital_Transformation,5,4,4,4,432,36,120,2025-11-15,IT,15,データウェアハウス,Java/.NET,Kafka/RabbitMQ,IBM,データサイエンティスト,保守契約,なし,製造部門,連続月稼働,なし,High,Healthcare,sample_projects_healthcare.csv
PE3CFAE7D,Innovation Project 006,Innovation,5,5,1,4,101,13,303,2025-12-02,Supply Chain,12,認証システム,React/Angular,Docker/Kubernetes,Oracle,データサイエンティスト,ソフトウェアライセンス,勘定科目マスタ,カスタマーサポート,同月稼働,個人情報保護法,Medium,Healthcare,sample_projects_healthcare.csv
P64072335,IT Infrastructure Project 007,IT_Infrastructure,5,2,5,4,355,8,116,2026-02-01,Strategy,10,ファイルサーバー,BI ツール,共通ライブラリ,なし,Java 開発者,なし,なし,営業部門,なし,国際基準対応,Low,Healthcare,sample_projects_healthcare.csv
P8345CA60,Process Improvement Project 008,Process_Improvement,2,2,3,2,136,3,83,2026-04-03,Operations,11,顧客管理システム,なし,Kafka/RabbitMQ,なし,業務アナリスト,保守契約,勘定科目マスタ,経理部門,連続月稼働,税制改正,Low,Healthcare,sample_projects_healthcare.csv
PD1F507D1,Digital Transformation Project 009,Digital_Transformation,4,5,3,5,119,15,190,2025-12-25,Finance,3,基幹業務システム,React/Angular,Apache/Nginx,IBM,業務アナリスト,コンサルティング,顧客マスタ,経営層,連続月稼働,会計基準変更,Low,Healthcare,sample_projects_healthcare.csv
P8EF41966,Cost Reduction Project 010,Cost_Reduction,5,2,4,4,69,10,126,2025-12-27,Sales,13,なし,BI ツール,Docker/Kubernetes,Salesforce,UI/UX デザイナー,ハードウェア調達,製品マスタ,経理部門,同月稼働,税制改正,Low,Healthcare,sample_projects_healthcare.csv
P98805C3E,IT Infrastructure Project 011,IT_Infrastructure,5,2,3,3,412,7,98,2025-08-24,IT,8,顧客管理システム,React/Angular,Redis/Memcached,Oracle,業務アナリスト,コンサルティング,製品マスタ,経営層,連続月稼働,なし,Low,Healthcare,sample_projects_healthcare.csv
PE9F98ACE,Compliance Project 012,Compliance,3,2,5,4,64,4,76,2026-01-18,Sales,9,認証システム,なし,Apache/Nginx,地場SI会社,業務アナリスト,なし,顧客マスタ,営業部門,年度末稼働,なし,Low,Healthcare,sample_projects_healthcare.csv
P3181C6D5,Process Improvement Project 013,Process_Improvement,2,1,2,4,134,7,102,2025-10-22,HR,10,基幹業務システム,AWS/Azure クラウド,Docker/Kubernetes,なし,なし,保守契約,顧客マスタ,営業部門,なし,国際基準対応,Low,Healthcare,sample_projects_healthcare.csv
PC28EC851,IT Infrastructure Project 014,IT_Infrastructure,3,2,4,4,296,12,171,2026-02-11,IT,5,認証システム,AWS/Azure クラウド,Docker/Kubernetes,Oracle,なし,コンサルティング,組織マスタ,カスタマーサポート,なし,なし,Low,Healthcare,sample_projects_healthcare.csv
PEC168760,Compliance Project 015,Compliance,3,1,5,4,54,12,89,2025-08-21,Supply Chain,8,顧客管理システム,AWS/Azure クラウド,共通ライブラリ,SAP,プロジェクトマネージャー,保守契約,製品マスタ,営業部門,年度始稼働,個人情報保護法,Low,Healthcare,sample_projects_healthcare.csv
P6A295F57,Digital Transformation Project 016,Digital_Transformation,4,5,2,5,222,30,164,2025-08-10,Strategy,4,認証システム,なし,共通ライブラリ,Salesforce,プロジェクトマネージャー,クラウドサービス,組織マスタ,経理部門,なし,なし,Medium,Healthcare,sample_projects_healthcare.csv
P2A6F691A,Process Improvement Project 017,Process_Improvement,3,2,2,4,185,12,106,2025-12-29,Marketing,3,認証システム,React/Angular,共通ライブラリ,IBM,Java 開発者,保守契約,製品マスタ,経営層,同四半期稼働,会計基準変更,Low,Healthcare,sample_projects_healthcare.csv
P4F9987B4,Process Improvement Project 018,Process_Improvement,2,2,3,2,132,12,124,2026-04-17,IT,13,ファイルサーバー,BI ツール,なし,IBM,データサイエンティスト,クラウドサービス,顧客マスタ,営業部門,なし,国際基準対応,Low,Healthcare,sample_projects_healthcare.csv
PC0FFF9DC,Digital Transformation Project 019,Digital_Transformation,5,5,2,5,308,33,253,2025-12-03,Legal,10,データウェアハウス,AWS/Azure クラウド,Apache/Nginx,地場SI会社,UI/UX デザイナー,クラウドサービス,顧客マスタ,営業部門,同四半期稼働,会計基準変更,Medium,Healthcare,sample_projects_healthcare.csv
PEAD263D2,Cost Reduction Project 020,Cost_Reduction,3,3,4,3,43,3,115,2025-08-08,R&D,12,ファイルサーバー,REST API,Docker/Kubernetes,Microsoft,Java 開発者,クラウドサービス,組織マスタ,営業部門,同四半期稼働,会計基準変更,Low,Healthcare,sample_projects_healthcare.csv
P0D2F955B,Cost Reduction Project 021,Cost_Reduction,5,2,4,4,54,5,117,2025-10-19,Sales,3,基幹業務システム,なし,Kafka/RabbitMQ,なし,UI/UX デザイナー,なし,なし,経理部門,同四半期稼働,会計基準変更,Low,Healthcare,sample_projects_healthcare.csv
P147BA1D2,Cost Reduction Project 022,Cost_Reduction,4,2,4,3,66,15,186,2026-01-16,HR,15,基幹業務システム,REST API,Apache/Nginx,地場SI会社,データサイエンティスト,コンサルティング,組織マスタ,製造部門,同月稼働,税制改正,Low,Healthcare,sample_projects_healthcare.csv
P843E7C25,Process Improvement Project 023,Process_Improvement,3,3,4,3,27,6,83,2025-10-20,Strategy,7,顧客管理システム,AWS/Azure クラウド,共通ライブラリ,SAP,インフラエンジニア,なし,組織マスタ,カスタマーサポート,年度始稼働,国際基準対応,Low,Healthcare,sample_projects_healthcare.csv
P1B2D58E7,IT Infrastructure Project 024,IT_Infrastructure,5,2,4,3,412,19,72,2026-04-13,Legal,13,なし,なし,なし,地場SI会社,データサイエンティスト,クラウドサービス,取引先マスタ,営業部門,なし,税制改正,Medium,Healthcare,sample_projects_healthcare.csv
P18D7A8F0,Compliance Project 025,Compliance,3,2,5,5,123,9,60,2025-09-24,Finance,9,なし,Java/.NET,なし,地場SI会社,データサイエンティスト,保守契約,勘定科目マスタ,製造部門,年度末稼働,国際基準対応,Low,Healthcare,sample_projects_healthcare.csv
P5DAD1EED,IT Infrastructure Project 026,IT_Infrastructure,4,2,4,5,360,16,125,2026-03-04,Customer Service,13,基幹業務システム,React/Angular,Docker/Kubernetes,なし,なし,なし,製品マスタ,なし,同月稼働,税制改正,Low,Healthcare,sample_projects_healthcare.csv
PC0784921,Compliance Project 027,Compliance,3,1,5,4,246,6,43,2025-08-02,IT,6,認証システム,React/Angular,Apache/Nginx,SAP,UI/UX デザイナー,なし,勘定科目マスタ,経理部門,なし,なし,Low,Healthcare,sample_projects_healthcare.csv
P11A72586,Innovation Project 028,Innovation,4,4,1,5,32,30,93,2026-02-23,Finance,5,なし,React/Angular,Docker/Kubernetes,IBM,プロジェクトマネージャー,ソフトウェアライセンス,顧客マスタ,カスタマーサポート,連続月稼働,業界規制,Medium,Healthcare,sample_projects_healthcare.csv
P688143B0,Cost Reduction Project 029,Cost_Reduction,5,3,4,4,129,4,189,2026-03-08,HR,15,基幹業務システム,なし,Kafka/RabbitMQ,なし,なし,保守契約,取引先マスタ,なし,連続月稼働,税制改正,Low,Healthcare,sample_projects_healthcare.csv
PAD3FFAFB,Innovation Project 030,Innovation,5,5,1,4,201,16,293,2025-08-31,Operations,5,基幹業務システム,Java/.NET,なし,Microsoft,業務アナリスト,ソフトウェアライセンス,顧客マスタ,カスタマーサポート,年度末稼働,税制改正,Medium,Healthcare,sample_projects_healthcare.csv
P67254793,Compliance Project 031,Compliance,4,1,4,5,139,12,28,2026-01-31,Customer Service,3,データウェアハウス,BI ツール,Docker/Kubernetes,なし,なし,コンサルティング,勘定科目マスタ,なし,なし,国際基準対応,Low,Healthcare,sample_projects_healthcare.csv
PDFBBC197,Compliance Project 032,Compliance,4,1,5,5,164,3,71,2026-01-09,Quality Assurance,13,認証システム,なし,Redis/Memcached,なし,UI/UX デザイナー,ソフトウェアライセンス,勘定科目マスタ,経営層,同月稼働,業界規制,Low,Healthcare,sample_projects_healthcare.csv
P8174433D,Compliance Project 033,Compliance,3,2,4,5,86,3,56,2026-01-31,R&D,6,認証システム,BI ツール,Kafka/RabbitMQ,なし,UI/UX デザイナー,クラウドサービス,取引先マスタ,製造部門,同月稼働,業界規制,Low,Healthcare,sample_projects_healthcare.csv
P57733615,IT Infrastructure Project 034,IT_Infrastructure,3,3,3,5,85,7,158,2025-08-05,Finance,6,顧客管理システム,React/Angular,Redis/Memcached,Microsoft,データサイエンティスト,コンサルティング,なし,営業部門,年度始稼働,会計基準変更,Low,Healthcare,sample_projects_healthcare.csv
PF06FB9CD,Innovation Project 035,Innovation,4,4,3,5,88,30,119,2025-12-27,Marketing,12,顧客管理システム,BI ツール,共通ライブラリ,地場SI会社,UI/UX デザイナー,コンサルティング,なし,経理部門,同月稼働,国際基準対応,Medium,Healthcare,sample_projects_healthcare.csv
P56BCF173,Cost Reduction Project 036,Cost_Reduction,3,3,3,3,103,10,179,2026-01-26,Marketing,11,なし,BI ツール,Apache/Nginx,なし,UI/UX デザイナー,コンサルティング,顧客マスタ,カスタマーサポート,同四半期稼働,なし,Low,Healthcare,sample_projects_healthcare.csv
PC5853B67,Innovation Project 037,Innovation,4,4,3,5,168,25,292,2026-03-25,Customer Service,9,なし,React/Angular,Kafka/RabbitMQ,Oracle,なし,ソフトウェアライセンス,顧客マスタ,製造部門,年度末稼働,会計基準変更,Medium,Healthcare,sample_projects_healthcare.csv
P2A1B9CF0,Innovation Project 038,Innovation,4,4,2,4,123,21,142,2026-01-18,HR,8,データウェアハウス,React/Angular,なし,Oracle,プロジェクトマネージャー,ハードウェア調達,勘定科目マスタ,経理部門,同月稼働,会計基準変更,Medium,Healthcare,sample_projects_healthcare.csv
P219882E1,Cost Reduction Project 039,Cost_Reduction,4,2,4,4,129,14,84,2025-09-06,HR,6,認証システム,なし,Redis/Memcached,Oracle,業務アナリスト,保守契約,組織マスタ,カスタマーサポート,年度始稼働,国際基準対応,Low,Healthcare,sample_projects_healthcare.csv
PADC59CA1,Process Improvement Project 040,Process_Improvement,4,3,3,3,199,17,84,2025-12-24,HR,6,顧客管理システム,なし,Redis/Memcached,Oracle,Java 開発者,なし,勘定科目マスタ,なし,連続月稼働,会計基準変更,Low,Healthcare,sample_projects_healthcare.csv
P6B83E9C0,Digital Transformation Project 041,Digital_Transformation,5,5,4,5,202,18,175,2025-11-14,R&D,5,データウェアハウス,AWS/Azure クラウド,なし,Salesforce,データサイエンティスト,クラウドサービス,顧客マスタ,営業部門,年度始稼働,税制改正,Medium,Healthcare,sample_projects_healthcare.csv
P5D1AB825,Cost Reduction Project 042,Cost_Reduction,5,3,3,3,87,9,190,2026-03-03,R&D,5,顧客管理システム,BI ツール,Docker/Kubernetes,IBM,なし,ハードウェア調達,取引先マスタ,カスタマーサポート,同月稼働,国際基準対応,Low,Healthcare,sample_projects_healthcare.csv
P363A49D0,Cost Reduction Project 043,Cost_Reduction,3,2,4,3,78,3,208,2026-02-19,Strategy,12,ファイルサーバー,REST API,共通ライブラリ,SAP,UI/UX デザイナー,コンサルティング,組織マスタ,経営層,年度末稼働,税制改正,Low,Healthcare,sample_projects_healthcare.csv
P63FAC9FD,Compliance Project 044,Compliance,3,1,4,5,209,4,45,2025-11-20,Operations,11,顧客管理システム,REST API,Apache/Nginx,SAP,UI/UX デザイナー,なし,勘定科目マスタ,カスタマーサポート,同四半期稼働,個人情報保護法,Low,Healthcare,sample_projects_healthcare.csv
PEDFE5DD0,Digital Transformation Project 045,Digital_Transformation,5,5,3,4,339,20,252,2025-10-30,Sales,4,ファイルサーバー,REST API,なし,Microsoft,インフラエンジニア,ソフトウェアライセンス,顧客マスタ,営業部門,連続月稼働,税制改正,Medium,Healthcare,sample_projects_healthcare.csv
PDAB6ACBA,Compliance Project 046,Compliance,4,1,5,5,219,9,57,2026-04-03,Legal,10,認証システム,AWS/Azure クラウド,共通ライブラリ,IBM,UI/UX デザイナー,なし,組織マスタ,経営層,同四半期稼働,個人情報保護法,Low,Healthcare,sample_projects_healthcare.csv
P50EE0CEE,IT Infrastructure Project 047,IT_Infrastructure,5,4,5,3,441,14,137,2025-08-10,Operations,10,ファイルサーバー,なし,Docker/Kubernetes,Oracle,データサイエンティスト,保守契約,取引先マスタ,なし,年度末稼働,個人情報保護法,Medium,Healthcare,sample_projects_healthcare.csv
P4B6E503B,Innovation Project 048,Innovation,4,5,2,5,83,11,196,2026-02-16,Supply Chain,10,データウェアハウス,なし,Docker/Kubernetes,なし,なし,保守契約,顧客マスタ,カスタマーサポート,同月稼働,税制改正,Medium,Healthcare,sample_projects_healthcare.csv
P3683AD7A,Process Improvement Project 049,Process_Improvement,2,2,4,2,188,17,100,2025-08-17,Finance,11,データウェアハウス,React/Angular,Docker/Kubernetes,地場SI会社,UI/UX デザイナー,ハードウェア調達,製品マスタ,製造部門,年度始稼働,会計基準変更,Low,Healthcare,sample_projects_healthcare.csv
P46EDFB92,Process Improvement Project 050,Process_Improvement,4,2,2,2,181,10,135,2025-10-10,HR,11,顧客管理システム,React/Angular,Docker/Kubernetes,IBM,データサイエンティスト,ハードウェア調達,取引先マスタ,営業部門,なし,会計基準変更,Low,Healthcare,sample_projects_healthcare.csv
